exercise_id,exercise_name,exercise_type,body_part,equipment,primary_muscle,secondary_muscle,movement_type,exercise_image
5111,Weighted + Hanging Toes To Bar,bilateral_simultaneous,abs,body weight,rectus abdominis,hip flexors,compound,https://apilyfta.com/static/GymvisualPNG/38911101-Hanging-Toes-to-Bar_Waist_small.png
5801,Weighted + Seated Tuck Crunch On Floor,bilateral_simultaneous,abs,dumbbell,rectus abdominis,hip flexors,isolation,https://apilyfta.com/static/GymvisualPNG/46231101-Weighted-Seated-Tuck-Crunch-on-Floor_Waist_small.png
3398,Body Weight + Weighted Front Plank,duration_based,abs,body weight,rectus abdominis,transverse abdominis,isometric,https://apilyfta.com/static/GymvisualPNG/21351101-Weighted-Front-Plank_Waist_small.png
2824,Weighted + Cobra Yoga Pose,bilateral_simultaneous,abs,body weight,erector spinae,rectus abdominis,isolation,https://apilyfta.com/static/GymvisualPNG/14821101-Cobra-Yoga-Pose_Waist_small.png
1626,Cable + Kneeling Crunch,bilateral_simultaneous,abs,cable,rectus abdominis,obliques,isolation,https://apilyfta.com/static/GymvisualPNG/01751101-Cable-Kneeling-Crunch_Waist-FIX_small.png
2837,Weighted + Oblique Crunch,bilateral_simultaneous,abs,body weight,obliques,rectus abdominis,isolation,https://apilyfta.com/static/GymvisualPNG/14951101-Oblique-Crunch-(Version-2)_Waist_small.png
5037,Body Weight + Front Plank Toe Tap,bilateral_simultaneous,abs,body weight,rectus abdominis,transverse abdominis,isolation,https://apilyfta.com/static/GymvisualPNG/38141101-Front-Plank-Toe-Tap-(male)_Hips_small.png
1894,Weighted + Elbow-To-Knee,bilateral_simultaneous,abs,body weight,obliques|rectus abdominis,hip flexors,compound,https://apilyfta.com/static/GymvisualPNG/04431101-Elbow-to-Knee_waist_small.png
5583,Body Weight + Hip Roll Plank,bilateral_simultaneous,abs,body weight,obliques|rectus abdominis,transverse abdominis,isolation,https://apilyfta.com/static/GymvisualPNG/43851101-Hip-Roll-Plank_Waist_small.png
5193,Weighted + Seated Side-To-Side Leg Raise Crunch On Floor,bilateral_simultaneous,abs,body weight,rectus abdominis|obliques,hip flexors,compound,https://apilyfta.com/static/GymvisualPNG/39781101-Seated-Side-to-Side-Leg-Raise-Crunch-on-Floor_Waist_small.png
2092,Weighted + Otis Up,bilateral_simultaneous,abs,weighted,rectus abdominis,obliques|hip flexors,compound,https://apilyfta.com/static/GymvisualPNG/06411101-Otis-Up_waist_small.png
1719,Weighted + Crunch,bilateral_simultaneous,abs,body weight,rectus abdominis,obliques,isolation,https://apilyfta.com/static/GymvisualPNG/02681101-Crunch-(leg-raise)_waist_small.png
2186,Weighted + Sit-Up,bilateral_simultaneous,abs,body weight,rectus abdominis,hip flexors|obliques,compound,https://apilyfta.com/static/GymvisualPNG/07351101-Sit-Up-II_waist_small.png
2283,Weighted + Crunch,bilateral_simultaneous,abs,weighted,rectus abdominis,obliques,isolation,https://apilyfta.com/static/GymvisualPNG/08321101-Weighted-Crunch_waist_small.png
1594,Weighted + Bridge,bilateral_simultaneous,abs,body weight,gluteus maximus,hamstrings|erector spinae,isolation,https://apilyfta.com/static/GymvisualPNG/01431101-Bridge-(straight-arm)_Waist_small.png
2071,Weighted + Lying Leg Raise Flat Bench,bilateral_simultaneous,abs,body weight,rectus abdominis,hip flexors,isolation,https://apilyfta.com/static/GymvisualPNG/06201101-Lying-Leg-Raise-Flat-Bench_waist_small.png
4131,Weighted + Scissors,bilateral_simultaneous,abs,body weight,rectus abdominis,hip flexors|obliques,isolation,https://apilyfta.com/static/GymvisualPNG/28931101-Scissors-(advanced)-(female)_small.png
2166,Body Weight + Side Plank,duration_based,abs,body weight,obliques|transverse abdominis,rectus abdominis,isolation,https://apilyfta.com/static/GymvisualPNG/07151101-Side-Plank-m_Waist_small.png
1452,Weighted + 3/4 Sit-Up,bilateral_simultaneous,abs,body weight,rectus abdominis,hip flexors|obliques,compound,https://apilyfta.com/static/GymvisualPNG/00011101-3-4-Sit-up_Waist_small.png
1589,Weighted + Bottoms-Up,bilateral_simultaneous,abs,body weight,rectus abdominis,hip flexors,compound,https://apilyfta.com/static/GymvisualPNG/01381101-Bottoms-Up-m_waist_small.png
1713,Weighted + Cross Body Crunch,bilateral_simultaneous,abs,body weight,obliques,rectus abdominis,isolation,https://apilyfta.com/static/GymvisualPNG/02621101-Cross-Body-Crunch_waist_small.png
2276,Weighted + V-Up,bilateral_simultaneous,abs,body weight,rectus abdominis,hip flexors,compound,https://apilyfta.com/static/GymvisualPNG/08251101-V-up_Waist_small.png
1916,Body Weight + Front Plank,duration_based,abs,body weight,rectus abdominis,transverse abdominis,isolation,https://apilyfta.com/static/GymvisualPNG/04651101-Front-Plank_Waist_small.png
3380,Weighted + Standing Abs Rotation Stretch,bilateral_simultaneous,abs,body weight,obliques,rectus abdominis,isolation,https://apilyfta.com/static/GymvisualPNG/21101101-Standing-Abs-Rotation-Stretch_Waist_small.png
2313,Cable + Twist,bilateral_simultaneous,abs,cable,obliques,rectus abdominis,isolation,https://apilyfta.com/static/GymvisualPNG/08621101-Cable-twist-(up-down)_Waist_small.png
3715,Weighted + 3 4 Sit Up,bilateral_simultaneous,abs,body weight,rectus abdominis,hip flexors|obliques,compound,https://apilyfta.com/static/GymvisualPNG/24761101-3-4-Sit-up-(female)_Waist_small.png
1725,Weighted + Crunch Floor,bilateral_simultaneous,abs,body weight,rectus abdominis,obliques,isolation,https://apilyfta.com/static/GymvisualPNG/02741101-Crunch-Floor-m_waist_small.png
1592,Weighted + Bridge - Mountain Climber,bilateral_simultaneous,abs,body weight,rectus abdominis|obliques|gluteus maximus,hamstrings|hip flexors,compound,https://apilyfta.com/static/GymvisualPNG/01411101-Bridge---Mountain-Climber-(Cross-Body)-(female)_Waist-FIX_small.png
5368,Weighted + Side Crunch,bilateral_simultaneous,abs,weighted,obliques,rectus abdominis,isolation,https://apilyfta.com/static/GymvisualPNG/41581101-Weighted-Side-Crunch_Waist_small.png
1454,Weighted + Air Bike,bilateral_simultaneous,abs,body weight,rectus abdominis|obliques,hip flexors,compound,https://apilyfta.com/static/GymvisualPNG/00031101-air-bike-m_waist_FIX_small.png
2138,Weighted + Russian Twist,bilateral_simultaneous,abs,body weight,obliques,rectus abdominis,compound,https://apilyfta.com/static/GymvisualPNG/06871101-Russian-Twist_waist_small.png
1455,Weighted + Air Twisting Crunch,bilateral_simultaneous,abs,body weight,obliques,rectus abdominis,compound,https://apilyfta.com/static/GymvisualPNG/00041101-Air-Twisting-Crunch_waist_small.png
3052,Weighted + Hanging Leg Hip Raise,bilateral_simultaneous,abs,body weight,rectus abdominis,hip flexors,compound,https://apilyfta.com/static/GymvisualPNG/17641101-Hanging-Leg-Hip-Raise_Waist_small.png
2317,Weighted + Hanging Leg-Hip Raise,bilateral_simultaneous,abs,dumbbell,rectus abdominis,hip flexors,compound,https://apilyfta.com/static/GymvisualPNG/08661101-Weighted-Hanging-leg-hip-raise_Waist_small.png
2247,Weighted + Standing Wheel Rollout,bilateral_simultaneous,abs,wheel roller,rectus abdominis,obliques,compound,https://apilyfta.com/static/GymvisualPNG/07961101-Standing-Wheel-Rollout_Waist_small.png
3687,Weighted + Decline Sit Up,bilateral_simultaneous,abs,weighted,rectus abdominis,hip flexors,compound,https://apilyfta.com/static/GymvisualPNG/24491101-Decline-Sit-up-(female)_Hips_small.png
2323,Weighted + Reverse Crunch,bilateral_simultaneous,abs,body weight,rectus abdominis,hip flexors,isolation,https://apilyfta.com/static/GymvisualPNG/08721101-Reverse-Crunch-m_waist_small.png
1728,Weighted + Decline Crunch,bilateral_simultaneous,abs,body weight,rectus abdominis,obliques,isolation,https://apilyfta.com/static/GymvisualPNG/02771101-Decline-Crunch_waist_small.png
3570,Weighted + Wheel Rollout,bilateral_simultaneous,abs,wheel roller,rectus abdominis,obliques,compound,https://apilyfta.com/static/GymvisualPNG/23321101-Wheel-Rollout-(female)_Waist_small.png
5337,Weighted + Dead Bug,bilateral_simultaneous,abs,weighted,rectus abdominis,hip flexors,isolation,https://apilyfta.com/static/GymvisualPNG/41271101-Weighted-Dead-Bug-(male)_Waist_small.png
2086,Weighted + Oblique Crunches Floor,bilateral_simultaneous,abs,body weight,obliques,rectus abdominis,isolation,https://apilyfta.com/static/GymvisualPNG/06351101-Oblique-Crunches-Floor_waist_small.png
1915,Body Weight + Front Plank With Twist,bilateral_simultaneous,abs,body weight,rectus abdominis,obliques,isolation,https://apilyfta.com/static/GymvisualPNG/04641101-Front-Plank-with-Twist_waist_small.png
2296,Weighted + Russian Twist,bilateral_simultaneous,abs,weighted,obliques,rectus abdominis,compound,https://apilyfta.com/static/GymvisualPNG/08451101-Weighted-Russian-Twist-(legs-up)_waist_small.png
1457,Weighted + Alternate Heel Touchers,bilateral_simultaneous,abs,body weight,obliques,rectus abdominis,isolation,https://apilyfta.com/static/GymvisualPNG/00061101-Alternate-Heel-Touchers_waist-FIX_small.png
2325,Cable + Standing Crunch,bilateral_simultaneous,abs,cable,rectus abdominis,obliques,isolation,https://apilyfta.com/static/GymvisualPNG/08741101-Cable-Standing-Crunch-(with-rope-attachment)_waist_small.png
5311,Weighted + Straight Leg Toe Touch Crunch,bilateral_simultaneous,abs,weighted,rectus abdominis,hip flexors,compound,https://apilyfta.com/static/GymvisualPNG/41011101-Weighted-Straight-Leg-Toe-Touch-Crunch-(male)_Waist_small.png
4853,Weighted + Vertical Leg Raise,bilateral_simultaneous,abs,body weight,rectus abdominis,hip flexors,isolation,https://apilyfta.com/static/GymvisualPNG/36231101-Vertical-Leg-Raise-(on-parallel-bars)-(female)-(VERSION-2)_Hips_small.png
2140,Weighted + Seated Leg Raise,bilateral_simultaneous,abs,body weight,rectus abdominis,hip flexors,isolation,https://apilyfta.com/static/GymvisualPNG/06891101-Seated-Leg-Raise_waist_small.png
4201,Weighted + Captains Chair Straight Leg Raise,bilateral_simultaneous,abs,body weight,rectus abdominis,hip flexors,compound,https://apilyfta.com/static/GymvisualPNG/29631101-Captains-Chair-Straight-Leg-Raise_Waist_small.png
27369,Weighted + Seated Leg Raise On Floor,bilateral_simultaneous,abs,dumbbell,rectus abdominis,hip flexors,isolation,https://apilyfta.com/static/GymvisualPNG/50231101-Weighted-Seated-Leg-Raise-on-Floor_Waist_small.png
4851,Weighted + Twisting Crunch,bilateral_simultaneous,abs,body weight,obliques,rectus abdominis,isolation,https://apilyfta.com/static/GymvisualPNG/36211101-Twisting-Crunch-(Straight-Arms)-(male)_Waist_small.png
3139,Weighted + Leg Raise Hip Lift,bilateral_simultaneous,abs,body weight,rectus abdominis,hip flexors,compound,https://apilyfta.com/static/GymvisualPNG/18521101-Leg-Raise-Hip-Lift_Waist_small.png
5177,Weighted + Seated Flutter Kick,bilateral_simultaneous,abs,body weight,hip flexors,rectus abdominis,isolation,https://apilyfta.com/static/GymvisualPNG/39621101-Seated-Flutter-Kick_Waist_small.png
1673,Cable + Side Bend,bilateral_simultaneous,abs,cable,obliques,erector spinae,isolation,https://apilyfta.com/static/GymvisualPNG/02221101-Cable-Side-Bend_Waist-FIX_small.png
1583,Weighted + Bent-Knee Lying Twist,bilateral_simultaneous,abs,body weight,obliques,rectus abdominis,isolation,https://apilyfta.com/static/GymvisualPNG/01321101-Bent-knee-Lying-Twist-(female)_Waist-FIX_small.png
2592,Weighted + Lying Leg Raise,bilateral_simultaneous,abs,body weight,rectus abdominis,hip flexors,isolation,https://apilyfta.com/static/GymvisualPNG/11631101-Lying-Leg-Raise_Waist_small.png
5110,Weighted + Hanging Knees To Elbows,bilateral_simultaneous,abs,body weight,rectus abdominis,hip flexors,compound,https://apilyfta.com/static/GymvisualPNG/38901101-Hanging-Knees-to-Elbows_Waist-FIX_small.png
27963,Weighted + Bicycle Crunch (Male),bilateral_simultaneous,abs,body weight,rectus abdominis,obliques,compound,https://apilyfta.com/static/GymvisualPNG/62111101-Bicycle-Crunch-(male)_Waist_small.png
2312,Cable + Seated Row,bilateral_simultaneous,back,cable,latissimus dorsi,teres major|rhomboids|trapezius,compound,https://apilyfta.com/static/GymvisualPNG/08611101-Cable-seated-row_Back_small.png
3530,Cable + Wide-Grip Lat Pulldown,bilateral_simultaneous,back,cable,latissimus dorsi,teres major|rhomboids|trapezius,compound,https://apilyfta.com/static/GymvisualPNG/22911101-Cable-Wide-Grip-Lat-Pulldown-(female)_Back_small.png
3974,Cable + Lever Reverse Grip Lateral Pulldown,bilateral_simultaneous,back,leverage machine,latissimus dorsi,biceps|teres major|rhomboids,compound,https://apilyfta.com/static/GymvisualPNG/27361101-Lever-Reverse-grip-Lateral-Pulldown-(plate-loaded)_Back_small.png
1857,Dumbbell + Shrug,bilateral_simultaneous,back,dumbbell,trapezius,levator scapulae|rhomboids,isolation,https://apilyfta.com/static/GymvisualPNG/04061101-Dumbbell-Shrug_Back-FIX_small.png
28183,Leverage Machine + Lever Seated Single Leg Squat Calf Raise On Leg Press Machine (Female),bilateral_simultaneous,back,leverage machine,gastrocnemius|soleus,hamstrings,compound,https://apilyfta.com/static/GymvisualPNG/71091101-Lever-Seated-Single-Leg-Squat-Calf-Raise-on-Leg-Press-Machine-(female)_Calves_small.png
1478,Barbell + Bent Over Row,bilateral_simultaneous,back,barbell,latissimus dorsi,teres major|rhomboids|trapezius,compound,https://apilyfta.com/static/GymvisualPNG/00271101-Barbell-Bent-Over-Row_Back-FIX_small.png
2640,Cable + Standing Lat Pushdown,bilateral_simultaneous,back,cable,latissimus dorsi,teres major|triceps,isolation,https://apilyfta.com/static/GymvisualPNG/12291101-Cable-Standing-Lat-Pushdown-(rope-equipment)_Back_small.png
291,Cable + Close-Grip Front Lat Pulldown,bilateral_simultaneous,back,cable,latissimus dorsi,biceps|teres major|rhomboids,compound,https://apilyfta.com/static/GymvisualPNG/10471101-Cable-Close-Grip-Front-Lat-Pulldown_Back_small.png
1690,Cable + Straight Back Seated Row,bilateral_simultaneous,back,cable,latissimus dorsi,teres major|rhomboids|trapezius,compound,https://apilyfta.com/static/GymvisualPNG/02391101-Cable-Straight-Back-Seated-Row_Back_small.png
215,Weighted + Lever Narrow Grip Seated Row,bilateral_simultaneous,back,weighted,latissimus dorsi,teres major|rhomboids|trapezius,compound,https://apilyfta.com/static/GymvisualPNG/05881101-Lever-Narrow-Grip-Seated-Row-(plate-loaded)_Back_small.png
1628,Cable + Lateral Pulldown,bilateral_simultaneous,back,cable,latissimus dorsi,teres major|rhomboids|trapezius,compound,https://apilyfta.com/static/GymvisualPNG/01771101-Cable-Lateral-Pulldown-(with-rope-attachment)_Back_small.png
88,Cable + Pushdown,bilateral_simultaneous,back,cable,latissimus dorsi,teres major|triceps,isolation,https://apilyfta.com/static/GymvisualPNG/01991101-Cable-Pushdown-(straight-arm)-II_Back_small.png
5336,Barbell + Deadstop Row With Rack,bilateral_simultaneous,back,barbell,latissimus dorsi,teres major|rhomboids|trapezius,compound,https://apilyfta.com/static/GymvisualPNG/41261101-Barbell-Deadstop-Row-with-Rack-(male)_Back_small.png
2269,Cable + Twin Handle Parallel Grip Lat Pulldown,bilateral_simultaneous,back,cable,latissimus dorsi,teres major|rhomboids|trapezius,compound,https://apilyfta.com/static/GymvisualPNG/08181101-twin-handle-parallel-grip-lat-pulldown_Back_small.png
2022,Weighted + Lever Single Arm Neutral Grip Seated Row,bilateral_simultaneous,back,leverage machine,latissimus dorsi,teres major|rhomboids|trapezius,compound,https://apilyfta.com/static/GymvisualPNG/05711101-Lever-Alternating-Narrow-Grip-Seated-Row-(plate-loaded)_Back_small.png
209,Weighted + Lever High Row,bilateral_simultaneous,back,chest press machine,latissimus dorsi,teres major|rhomboids|trapezius,compound,https://apilyfta.com/static/GymvisualPNG/05811101-Lever-High-Row-(plate-loaded)_Back_small.png
338,Cable + Wide Grip Rear Pulldown Behind Neck,bilateral_simultaneous,back,cable,latissimus dorsi,teres major|rhomboids|trapezius,compound,https://apilyfta.com/static/GymvisualPNG/13251101-Cable-Wide-Grip-Rear-Pulldown-Behind-Neck_Back_small.png
347,Leverage Machine + Lever Seated Row,bilateral_simultaneous,back,leverage machine,latissimus dorsi,teres major|rhomboids|trapezius,compound,https://apilyfta.com/static/GymvisualPNG/13501101-Lever-Seated-Row_Back_small.png
1569,Barbell + Reverse Grip Bent Over Row,bilateral_simultaneous,back,barbell,latissimus dorsi,biceps|teres major|rhomboids,compound,https://apilyfta.com/static/GymvisualPNG/01181101-Barbell-Reverse-Grip-Bent-over-Row_Back-FIX_small.png
336,Cable + Rope Seated Row,bilateral_simultaneous,back,cable,latissimus dorsi,teres major|rhomboids|trapezius,compound,https://apilyfta.com/static/GymvisualPNG/13231101-Cable-Rope-Seated-Row_Back_small.png
89,Cable + Rear Pulldown,bilateral_simultaneous,back,cable,latissimus dorsi,teres major|rhomboids|trapezius,compound,https://apilyfta.com/static/GymvisualPNG/02051101-Cable-Rear-Pulldown_Back_small.png
1618,Cable + High Row,bilateral_simultaneous,back,cable,latissimus dorsi,teres major|rhomboids|trapezius,compound,"https://apilyfta.com/static/GymvisualPNG/01671101-Cable-High-Row-(kneeling,-rope-attachment)_Back_small.png"
1644,Cable + One Arm Straight Back High Row,bilateral_simultaneous,back,cable,latissimus dorsi,teres major|rhomboids|trapezius,compound,https://apilyfta.com/static/GymvisualPNG/01931101-Cable-One-Arm-Straight-Back-High-Row-(kneeling)_Back_small.png
28263,Cable + Neutral Grip Lat Pulldown (Male),bilateral_simultaneous,back,cable,latissimus dorsi,teres major|rhomboids|trapezius,compound,https://apilyfta.com/static/GymvisualPNG/75831101-Cable-Neutral-Grip-Lat-Pulldown-(male)_Back_small.png
5589,Cable + Low Row With Rope Attachment,bilateral_simultaneous,back,cable,latissimus dorsi,teres major|rhomboids|trapezius,compound,https://apilyfta.com/static/GymvisualPNG/43911101-Cable-Low-Row-with-Rope-Attachment_Back_small.png
1665,Cable + Seated One Arm Alternate Row,bilateral_simultaneous,back,cable,latissimus dorsi,teres major|rhomboids|trapezius,compound,https://apilyfta.com/static/GymvisualPNG/02141101-Cable-Seated-One-Arm-Alternate-Row_Back_small.png
4282,Cable + Cross Over Lateral Pulldown,bilateral_simultaneous,back,cable,latissimus dorsi,teres major|rhomboids|trapezius,compound,https://apilyfta.com/static/GymvisualPNG/30441101-Cable-Cross-over-Lateral-Pulldown-(female)_Back_small.png
1659,Cable + Reverse-Grip Straight Back Seated High Row,bilateral_simultaneous,back,cable,latissimus dorsi,biceps|teres major|rhomboids,compound,https://apilyfta.com/static/GymvisualPNG/02081101-Cable-Reverse-grip-Straight-Back-Seated-High-Row_Back-AFIX_small.png
345,Weighted + Lever Reverse Grip Vertical Row,bilateral_simultaneous,back,weighted,latissimus dorsi,biceps|teres major|rhomboids,compound,https://apilyfta.com/static/GymvisualPNG/13481101-Lever-Reverse-Grip-Vertical-Row_Back_small.png
1649,Cable + Pulldown,bilateral_simultaneous,back,cable,latissimus dorsi,teres major|rhomboids|trapezius,compound,https://apilyfta.com/static/GymvisualPNG/01981101-Cable-Pulldown_Back_small.png
1601,Cable + Bar Lateral Pulldown,bilateral_simultaneous,back,cable,latissimus dorsi,teres major|rhomboids|trapezius,compound,https://apilyfta.com/static/GymvisualPNG/01501101-Cable-Bar-Lateral-Pulldown_Back_small.png
233,Cable + Reverse Grip Machine Lat Pulldown,bilateral_simultaneous,back,cable,latissimus dorsi,biceps|teres major|rhomboids,compound,https://apilyfta.com/static/GymvisualPNG/06731101-reverse-grip-machine-lat-pulldown_Back_small.png
1669,Cable + Seated Wide-Grip Row,bilateral_simultaneous,back,cable,latissimus dorsi,teres major|rhomboids|trapezius,compound,https://apilyfta.com/static/GymvisualPNG/02181101-Cable-Seated-Wide-grip-Row_Back_small.png
2622,Cable + One Arm Lat Pulldown,bilateral_simultaneous,back,cable,latissimus dorsi,teres major|rhomboids|trapezius,compound,https://apilyfta.com/static/GymvisualPNG/12041101-Cable-one-arm-lat-pulldown_back_small.png
3899,Cable + Seated Row With V Bar,bilateral_simultaneous,back,cable,latissimus dorsi,teres major|rhomboids|trapezius,compound,https://apilyfta.com/static/GymvisualPNG/26611101-Cable-Seated-Row-with-V-bar_Back_small.png
2025,Weighted + Lever Bent Over Row,bilateral_simultaneous,back,weighted,latissimus dorsi,teres major|rhomboids|trapezius,compound,https://apilyfta.com/static/GymvisualPNG/05741101-Lever-Bent-over-Row-(plate-loaded)_Back_small.png
1688,Cable + Straight Arm Pulldown,bilateral_simultaneous,back,cable,latissimus dorsi,teres major|triceps,isolation,https://apilyfta.com/static/GymvisualPNG/02371101-Cable-Straight-Arm-Pulldown-(with-rope)_Back-FIX_small.png
207,Cable + Lever Front Pulldown,bilateral_simultaneous,back,cable,latissimus dorsi,teres major|rhomboids|trapezius,compound,https://apilyfta.com/static/GymvisualPNG/05791101-Lever-Front-Pulldown_Back_small.png
1631,Cable + Low Seated Row,bilateral_simultaneous,back,cable,latissimus dorsi,teres major|rhomboids|trapezius,compound,https://apilyfta.com/static/GymvisualPNG/01801101-Cable-Low-Seated-Row_Back_small.png
3729,Cable + Reverse Grip Pulldown,bilateral_simultaneous,back,cable,latissimus dorsi,biceps|teres major|rhomboids,compound,https://apilyfta.com/static/GymvisualPNG/24911101-Cable-Reverse-Grip-Pulldown-(female)_Back_small.png
2623,Cable + One Arm Twisting Seated Row,bilateral_simultaneous,back,cable,latissimus dorsi,obliques|teres major|rhomboids,compound,https://apilyfta.com/static/GymvisualPNG/12051101-Cable-one-arm-twisting-seated-row_back_small.png
1640,Cable + One Arm Bent Over Row,bilateral_simultaneous,back,cable,latissimus dorsi,teres major|rhomboids|trapezius,compound,https://apilyfta.com/static/GymvisualPNG/01891101-Cable-One-Arm-Bent-over-Row_Back-FIX_small.png
3854,Cable + Lateral Pulldown With V-Bar,bilateral_simultaneous,back,cable,latissimus dorsi,teres major|rhomboids|trapezius,compound,https://apilyfta.com/static/GymvisualPNG/26161101-Cable-Lateral-Pulldown-with-V-bar_Back_small.png
4464,Cable + Seated Supine-Grip Row,bilateral_simultaneous,back,cable,latissimus dorsi,biceps|teres major|rhomboids,compound,https://apilyfta.com/static/GymvisualPNG/32331101-Cable-Seated-Supine-grip-Row-(male)_Back_small.png
5314,Trap Bar + Bent Over Row,bilateral_simultaneous,back,trap bar,latissimus dorsi,teres major|rhomboids|trapezius,compound,https://apilyfta.com/static/GymvisualPNG/41041101-Trap-Bar-Bent-Over-Row-(male)_Back_small.png
1500,Barbell + Incline Row,bilateral_simultaneous,back,barbell,latissimus dorsi,teres major|rhomboids|trapezius,compound,https://apilyfta.com/static/GymvisualPNG/00491101-Barbell-Incline-Row_Back_small.png
61,Cable + Cross-Over Lateral Pulldown,bilateral_simultaneous,back,cable,latissimus dorsi,teres major|rhomboids|trapezius,compound,https://apilyfta.com/static/GymvisualPNG/01531101-Cable-Cross-over-Lateral-Pulldown_Back_small.png
28040,Cable + Single Arm High Row,bilateral_simultaneous,back,cable,latissimus dorsi,teres major|rhomboids|trapezius,compound,https://www.lyfta.app/_next/image?url=https%3A%2F%2Flyfta.app%2Fimages%2Fexercises%2F01931101.png&w=1920&q=75
4828,Cable + Seated Wide Grip Row,bilateral_simultaneous,back,cable,latissimus dorsi,teres major|rhomboids|trapezius,compound,https://apilyfta.com/static/GymvisualPNG/35981101-Cable-Seated-Wide-grip-Row-(female)_Back_small.png
108,Cable + Underhand Pulldown,bilateral_simultaneous,back,cable,latissimus dorsi,biceps|teres major|rhomboids,compound,https://apilyfta.com/static/GymvisualPNG/02451101-Cable-Underhand-Pulldown_Back_small.png
2645,Weighted + Lever One Arm Seated Row,bilateral_simultaneous,back,chest press machine,latissimus dorsi,teres major|rhomboids|trapezius,compound,https://apilyfta.com/static/GymvisualPNG/12351101-Lever-One-Arm-Seated-Row-(Seated-row-machine)_Back_small.png
300,Weighted + Lever Lying T-Bar Row,bilateral_simultaneous,back,weighted,latissimus dorsi,teres major|rhomboids|trapezius,compound,https://apilyfta.com/static/GymvisualPNG/11941101-Lever-Lying-T-bar-Row_Back_small.png
5389,Cable + Seated Pullover,bilateral_simultaneous,back,cable,latissimus dorsi,teres major|triceps,isolation,https://apilyfta.com/static/GymvisualPNG/41801101-Cable-Seated-Pullover_Back_small.png
2729,Weighted + Lever One Arm Lateral High Row,bilateral_simultaneous,back,leverage machine,latissimus dorsi,teres major|rhomboids|trapezius,compound,https://apilyfta.com/static/GymvisualPNG/13561101-Lever-One-Arm-Lateral-High-Row_Back_small.png
5436,Cable + Half Kneeling Push Pull,bilateral_simultaneous,back,cable,latissimus dorsi,teres major|rhomboids|trapezius,compound,https://apilyfta.com/static/GymvisualPNG/42281101-Cable-Half-Kneeling-Push-Pull_Back_small.png
4437,Weighted + Lever Bent-Over Row With V-Bar,bilateral_simultaneous,back,weighted,latissimus dorsi,teres major|rhomboids|trapezius,compound,https://apilyfta.com/static/GymvisualPNG/32001101-Lever-Bent-over-Row-with-V-bar-(plate-loaded)_Back_small.png
2023,Body Weight + Lever Assisted Chin-Up,assisted_bodyweight,back,body weight,latissimus dorsi,biceps|teres major|rhomboids,compound,https://apilyfta.com/static/GymvisualPNG/05721101-Lever-Assisted-Chin-Up_Back_small.png
1458,Cable + Alternate Lateral Pulldown,bilateral_simultaneous,back,cable,latissimus dorsi,teres major|rhomboids|trapezius,compound,https://apilyfta.com/static/GymvisualPNG/00071101-Alternate-Lateral-Pulldown_back_small.png
5425,Cable + Wide Neutral Grip Pulldown,bilateral_simultaneous,back,cable,latissimus dorsi,teres major|rhomboids|trapezius,compound,https://apilyfta.com/static/GymvisualPNG/42171101-Cable-Wide-Neutral-Grip-PullDown_Back_small.png
5313,Trap Bar + Standing Shrug,bilateral_simultaneous,back,trap bar,trapezius,levator scapulae|rhomboids,isolation,https://apilyfta.com/static/GymvisualPNG/41031101-Trap-Bar-Standing-Shrug-(male)_Back_small.png
3903,Leverage Machine + Lever Lateral Wide Pulldown,bilateral_simultaneous,back,leverage machine,latissimus dorsi,teres major|rhomboids|trapezius,compound,https://apilyfta.com/static/GymvisualPNG/26651101-Lever-Lateral-Wide-Pulldown_Back_small.png
1744,Dumbbell + Bent Over Row,bilateral_simultaneous,back,dumbbell,latissimus dorsi,teres major|rhomboids|trapezius,compound,https://apilyfta.com/static/GymvisualPNG/02931101-Dumbbell-Bent-Over-Row_Back-FIX_small.png
1748,Dumbbell + Concentration Curl,unilateral_alternating,biceps,dumbbell,biceps brachii,brachialis|forearms,isolation,https://apilyfta.com/static/GymvisualPNG/02971101-Dumbbell-Concentration-Curl_Upper-Arms_small.png
2985,Dumbbell + Step Up Single Leg Balance With Bicep Curl,unilateral_alternating,biceps,dumbbell,biceps brachii,brachialis|quadriceps|glutes,compound,https://apilyfta.com/static/GymvisualPNG/16841101-Dumbbell-Step-Up-Single-Leg-Balance-with-Bicep-Curl_Upper-Arms_small.png
2943,Cable + One Arm Preacher Curl,bilateral_simultaneous,biceps,cable,biceps brachii,brachialis|forearms,isolation,https://apilyfta.com/static/GymvisualPNG/16331101-Cable-One-Arm-Preacher-Curl_Upper-Arms_small.png
418,Dumbbell + Seated Hammer Curl,bilateral_simultaneous,biceps,dumbbell,brachialis,biceps brachii|forearms,isolation,https://apilyfta.com/static/GymvisualPNG/16781101-Dumbbell-Seated-Hammer-Curl_Upper-Arms_small.png
1766,Dumbbell + Incline Biceps Curl,bilateral_simultaneous,biceps,dumbbell,biceps brachii,brachialis|forearms,isolation,https://apilyfta.com/static/GymvisualPNG/03151101-Dumbbell-Incline-Biceps-Curl_Upper-Arms_small.png
27217,Cable + Unilateral Bicep Curl,bilateral_simultaneous,biceps,cable,biceps brachii,brachialis|forearms,isolation,https://apilyfta.com/static/GymvisualPNG/48381101-Cable-Unilateral-Bicep-Curl_Upper-Arms_small.png
1844,Dumbbell + Seated Inner Biceps Curl,bilateral_simultaneous,biceps,dumbbell,biceps brachii,brachialis|forearms,isolation,https://apilyfta.com/static/GymvisualPNG/03931101-Dumbbell-Seated-Inner-Biceps-Curl_Upper-Arms_small.png
4322,Dumbbell + Single Arm Preacher Curl,unilateral_alternating,biceps,dumbbell,biceps brachii,brachialis|forearms,isolation,https://apilyfta.com/static/GymvisualPNG/30841101-Dumbbell-Single-Arm-Preacher-Curl-(female)_Upper-Arms_small.png
1745,Dumbbell + Biceps Curl,bilateral_simultaneous,biceps,dumbbell,biceps brachii,brachialis|forearms,isolation,https://apilyfta.com/static/GymvisualPNG/02941101-Dumbbell-Biceps-Curl_Upper-Arms_small.png
3819,Cable + One Arm Curl,bilateral_simultaneous,biceps,cable,biceps brachii,brachialis|forearms,isolation,https://apilyfta.com/static/GymvisualPNG/25811101-Cable-One-Arm-Curl-(female)_Upper-Arms_small.png
414,Dumbbell + Biceps Curl Reverse,bilateral_simultaneous,biceps,dumbbell,brachialis,biceps brachii|forearms,isolation,https://apilyfta.com/static/GymvisualPNG/16541101-Dumbbell-Biceps-Curl-Reverse_Upper-Arms_small.png
1557,Barbell + Standing Close Grip Curl,bilateral_simultaneous,biceps,barbell,biceps brachii,brachialis|forearms,isolation,https://apilyfta.com/static/GymvisualPNG/01061101-Barbell-Standing-Close-Grip-Curl_Upper-Arms_small.png
4306,Cable + Standing Biceps Curl,bilateral_simultaneous,biceps,cable,biceps brachii,brachialis|forearms,isolation,https://apilyfta.com/static/GymvisualPNG/30681101-Cable-Standing-Biceps-Curl-(with-rope)-(female)_Forearms_small.png
1771,Dumbbell + Incline Hammer Curl,bilateral_simultaneous,biceps,dumbbell,brachialis,biceps brachii|forearms,isolation,https://apilyfta.com/static/GymvisualPNG/03201101-Dumbbell-Incline-Hammer-Curl_Upper-Arms_small.png
1842,Dumbbell + Seated Curl,bilateral_simultaneous,biceps,dumbbell,biceps brachii,brachialis|forearms,isolation,https://apilyfta.com/static/GymvisualPNG/03911101-Dumbbell-Seated-Curl_Upper-Arms_small.png
2956,Dumbbell + Alternate Seated Hammer Curl,unilateral_alternating,biceps,dumbbell,brachialis,biceps brachii|forearms,isolation,https://apilyfta.com/static/GymvisualPNG/16481101-Dumbbell-Alternate-Seated-Hammer-Curl_Upper-Arms_small.png
2969,Dumbbell + One Arm Hammer Preacher Curl,unilateral_alternating,biceps,dumbbell,brachialis,biceps brachii|forearms,isolation,https://apilyfta.com/static/GymvisualPNG/16631101-Dumbbell-One-Arm-Hammer-Preacher-Curl_Upper-Arms_small.png
1879,Dumbbell + Standing Preacher Curl,unilateral_alternating,biceps,dumbbell,biceps brachii,brachialis|forearms,isolation,https://apilyfta.com/static/GymvisualPNG/04281101-Dumbbell-Standing-Preacher-Curl_Upper-Arms_small.png
4912,Dumbbell + Incline Alternate Bicep Curl,unilateral_alternating,biceps,dumbbell,biceps brachii,brachialis|forearms,isolation,https://apilyfta.com/static/GymvisualPNG/36821101-Dumbbell-Incline-Alternate-Bicep-Curl_Upper-Arms_small.png
411,Cable + Drag Curl,bilateral_simultaneous,biceps,cable,biceps brachii,brachialis|forearms,isolation,https://apilyfta.com/static/GymvisualPNG/16321101-Cable-Drag-Curl_Upper-Arms_small.png
3894,Cable + One Arm Biceps Curl,bilateral_simultaneous,biceps,cable,biceps brachii,brachialis|forearms,isolation,https://apilyfta.com/static/GymvisualPNG/26561101-Cable-One-Arm-Biceps-Curl-(VERSION-2)_Upper-Arms_small.png
2983,Dumbbell + Standing One Arm Curl Over Incline Bench,unilateral_alternating,biceps,dumbbell,biceps brachii,brachialis|forearms,isolation,https://apilyfta.com/static/GymvisualPNG/16801101-Dumbbell-Standing-One-Arm-Curl-Over-Incline-Bench_Upper-Arms_small.png
138,Dumbbell + Incline Inner Biceps Curl,bilateral_simultaneous,biceps,dumbbell,biceps brachii,brachialis|forearms,isolation,https://apilyfta.com/static/GymvisualPNG/03221101-Dumbbell-Incline-Inner-Biceps-Curl_Upper-Arms_small.png
2980,Dumbbell + Reverse Spider Curl,bilateral_simultaneous,biceps,dumbbell,brachialis,biceps brachii|forearms,isolation,https://apilyfta.com/static/GymvisualPNG/16751101-Dumbbell-Reverse-Spider-Curl_Upper-Arms_small.png
1825,Dumbbell + Prone Incline Curl,bilateral_simultaneous,biceps,dumbbell,biceps brachii,brachialis|forearms,isolation,https://apilyfta.com/static/GymvisualPNG/03741101-Dumbbell-Prone-Incline-Curl_Upper-Arms_small.png
5229,Dumbbell + Standing Single Spider Curl,unilateral_simultaneous,biceps,dumbbell,biceps brachii,brachialis|forearms,isolation,https://apilyfta.com/static/GymvisualPNG/40171101-Dumbbell-Standing-Single-Spider-Curl_Upper-Arms_small.png
39,Barbell + Seated Close-Grip Concentration Curl,bilateral_simultaneous,biceps,barbell,biceps brachii,brachialis|forearms,isolation,https://apilyfta.com/static/GymvisualPNG/00891101-Barbell-Seated-Close-grip-Concentration-Curl_Upper-Arms_small.png
1646,Cable + Preacher Curl,bilateral_simultaneous,biceps,cable,biceps brachii,brachialis|forearms,isolation,https://apilyfta.com/static/GymvisualPNG/01951101-Cable-Preacher-Curl_Upper-Arms_small.png
5755,Dumbbell + Standing Biceps Curl To Shoulder Press,bilateral_simultaneous,biceps,dumbbell,biceps brachii,front deltoids|side deltoids|brachialis,compound,https://apilyfta.com/static/GymvisualPNG/45741101-Dumbbell-Standing-Biceps-Curl-to-Shoulder-Press-(male)_Shoulders_small.png
4917,Dumbbell + Drag Bicep Curl,bilateral_simultaneous,biceps,dumbbell,biceps brachii,brachialis|forearms,isolation,https://apilyfta.com/static/GymvisualPNG/36871101-Dumbbell-Drag-Bicep-Curl_Upper-Arms_small.png
2979,Dumbbell + Prone Incline Hammer Curl,bilateral_simultaneous,biceps,dumbbell,brachialis,biceps brachii|forearms,isolation,https://apilyfta.com/static/GymvisualPNG/16741101-Dumbbell-Prone-Incline-Hammer-Curl_Upper-Arms_small.png
2948,Cable + Rope Hammer Preacher Curl,bilateral_simultaneous,biceps,cable,brachialis,biceps brachii|forearms,isolation,https://apilyfta.com/static/GymvisualPNG/16391101-Cable-Rope-Hammer-Preacher-Curl_Upper-Arms_small.png
1823,Dumbbell + Preacher Curl,unilateral_alternating,biceps,dumbbell,biceps brachii,brachialis|forearms,isolation,https://apilyfta.com/static/GymvisualPNG/03721101-Dumbbell-Preacher-Curl_Upper-Arms_small.png
4295,Cable + Pulldown Bicep Curl,bilateral_simultaneous,biceps,cable,biceps brachii,brachialis|forearms,isolation,https://apilyfta.com/static/GymvisualPNG/30571101-Cable-Pulldown-Bicep-Curl-(female)_Upper-Arms_small.png
2975,Dumbbell + One Arm Standing Curl,unilateral_alternating,biceps,dumbbell,biceps brachii,brachialis|forearms,isolation,https://apilyfta.com/static/GymvisualPNG/16701101-Dumbbell-One-Arm-Standing-Curl_Upper-Arms_small.png
3818,Cable + Standing Inner Curl,bilateral_simultaneous,biceps,cable,biceps brachii,brachialis|forearms,isolation,https://apilyfta.com/static/GymvisualPNG/25801101-Cable-Standing-Inner-Curl-(female)_Upper-Arms_small.png
1521,Barbell + Preacher Curl,bilateral_simultaneous,biceps,barbell,biceps brachii,brachialis|forearms,isolation,https://apilyfta.com/static/GymvisualPNG/00701101-Barbell-Preacher-Curl_Upper-Arms-AFIX_small.png
2977,Dumbbell + One Arm Zottman Preacher Curl,unilateral_alternating,biceps,dumbbell,biceps brachii,brachialis|forearms,isolation,https://apilyfta.com/static/GymvisualPNG/16721101-Dumbbell-One-Arm-Zottman-Preacher-Curl_Upper-Arms_small.png
1736,Dumbbell + Alternate Biceps Curl,unilateral_alternating,biceps,dumbbell,biceps brachii,brachialis|forearms,isolation,https://apilyfta.com/static/GymvisualPNG/02851101-Dumbbell-Alternate-Biceps-Curl_Upper-Arms-AFIX_small.png
2643,Dumbbell + Incline Alternate Hammer Curl,unilateral_alternating,biceps,dumbbell,brachialis,biceps brachii|forearms,isolation,https://apilyfta.com/static/GymvisualPNG/12331101-Dumbbell-Incline-Alternate-Hammer-Curl_Upper-Arms_small.png
13,Barbell + Drag Curl,bilateral_simultaneous,biceps,barbell,biceps brachii,brachialis|forearms,isolation,https://apilyfta.com/static/GymvisualPNG/00381101-Barbell-Drag-Curl_Upper-Arms_small.png
2949,Cable + Rope One Arm Hammer Preacher Curl,bilateral_simultaneous,biceps,cable,brachialis,biceps brachii|forearms,isolation,https://apilyfta.com/static/GymvisualPNG/16401101-Cable-Rope-One-Arm-Hammer-Preacher-Curl_Upper-Arms_small.png
2944,Cable + Lying Bicep Curl,bilateral_simultaneous,biceps,cable,biceps brachii,brachialis|forearms,isolation,https://apilyfta.com/static/GymvisualPNG/16341101-Cable-Lying-Bicep-Curl_Upper-Arms_small.png
417,Dumbbell + Seated Bicep Curl,bilateral_simultaneous,biceps,dumbbell,biceps brachii,brachialis|forearms,isolation,https://apilyfta.com/static/GymvisualPNG/16771101-Dumbbell-Seated-Bicep-Curl_Upper-Arms_small.png
1890,Dumbbell + Zottman Curl,bilateral_simultaneous,biceps,dumbbell,biceps brachii,brachialis|forearms,isolation,https://apilyfta.com/static/GymvisualPNG/04391101-Dumbbell-Zottman-Curl_Upper-Arms-FIX_small.png
416,Dumbbell + High Curl,bilateral_simultaneous,biceps,dumbbell,biceps brachii,brachialis|forearms,isolation,https://apilyfta.com/static/GymvisualPNG/16641101-Dumbbell-High-Curl_Upper-Arms_small.png
4279,Cable + Close Grip Curl,bilateral_simultaneous,biceps,cable,biceps brachii,brachialis|forearms,isolation,https://apilyfta.com/static/GymvisualPNG/30411101-Cable-Close-Grip-Curl-(female)_Upper-Arms_small.png
5548,Cable + Lying Regular Grip Curl,bilateral_simultaneous,biceps,cable,biceps brachii,brachialis|forearms,isolation,https://apilyfta.com/static/GymvisualPNG/43501101-Cable-Lying-Regular-grip-Curl-(female)_Upper-Arms_small.png
408,Barbell + Standing Wide Grip Biceps Curl,bilateral_simultaneous,biceps,barbell,biceps brachii,brachialis|forearms,isolation,https://apilyfta.com/static/GymvisualPNG/16291101-Barbell-Standing-Wide-Grip-Biceps-Curl_Upper-Arms_small.png
1873,Dumbbell + Standing One Arm Curl,unilateral_alternating,biceps,dumbbell,biceps brachii,brachialis|forearms,isolation,https://apilyfta.com/static/GymvisualPNG/04221101-Dumbbell-Standing-One-Arm-Curl-(over-incline-bench)_Upper-Arms_small.png
409,Cable + Close Grip Curl,bilateral_simultaneous,biceps,cable,biceps brachii,brachialis|forearms,isolation,https://apilyfta.com/static/GymvisualPNG/16301101-Cable-Close-Grip-Curl_Upper-Arms_small.png
1853,Dumbbell + Seated Preacher Curl,bilateral_simultaneous,biceps,dumbbell,biceps brachii,brachialis|forearms,isolation,https://apilyfta.com/static/GymvisualPNG/04021101-Dumbbell-Seated-Preacher-Curl_Upper-Arms_small.png
6,Barbell + Curl,bilateral_simultaneous,biceps,barbell,biceps brachii,brachialis|forearms,isolation,https://apilyfta.com/static/GymvisualPNG/00311101-Barbell-Curl_Upper-Arms-FIX_small.png
1867,Dumbbell + Standing Biceps Curl,bilateral_simultaneous,biceps,dumbbell,biceps brachii,brachialis|forearms,isolation,https://apilyfta.com/static/GymvisualPNG/04161101-Dumbbell-Standing-Biceps-Curl_Upper-Arms_small.png
1768,Dumbbell + Incline Curl,bilateral_simultaneous,biceps,dumbbell,biceps brachii,brachialis|forearms,isolation,https://apilyfta.com/static/GymvisualPNG/03171101-Dumbbell-Incline-Curl-II_Upper-Arms_small.png
82,Cable + One Arm Curl,bilateral_simultaneous,biceps,cable,biceps brachii,brachialis|forearms,isolation,https://apilyfta.com/static/GymvisualPNG/01901101-Cable-One-Arm-Curl_Upper-Arms_small.png
47,Barbell + Standing Wide-Grip Curl,bilateral_simultaneous,biceps,barbell,biceps brachii,brachialis|forearms,isolation,https://apilyfta.com/static/GymvisualPNG/01131101-Barbell-Standing-Wide-grip-Curl_Upper-Arms_small.png
3645,Barbell + Biceps Curl,bilateral_simultaneous,biceps,barbell,biceps brachii,brachialis|forearms,isolation,https://apilyfta.com/static/GymvisualPNG/24071101-Barbell-Biceps-Curl-(with-arm-blaster)_Upper-arms_small.png
304,Cable + One Arm Inner Biceps Curl,bilateral_simultaneous,biceps,cable,biceps brachii,brachialis|forearms,isolation,https://apilyfta.com/static/GymvisualPNG/12031101-Cable-one-arm-inner-biceps-curl_upper-arms_small.png
412,Cable + Overhead Curl,bilateral_simultaneous,biceps,cable,biceps brachii,brachialis|forearms,isolation,https://apilyfta.com/static/GymvisualPNG/16361101-Cable-Overhead-Curl_Upper-Arms_small.png
2319,Cable + Curl,bilateral_simultaneous,biceps,cable,biceps brachii,brachialis|forearms,isolation,https://apilyfta.com/static/GymvisualPNG/08681101-Cable-Curl-(male)_Upper-Arms-FIX_small.png
1749,Dumbbell + Cross Body Hammer Curl,unilateral_alternating,biceps|forearms,dumbbell,brachialis,biceps brachii|forearms,isolation,https://apilyfta.com/static/GymvisualPNG/02981101-Dumbbell-Cross-Body-Hammer-Curl_Forearms_small.png
3640,Dumbbell + Hammer Curls,bilateral_simultaneous,biceps|forearms,dumbbell,brachialis,biceps brachii|forearms,isolation,https://apilyfta.com/static/GymvisualPNG/24021101-Dumbbell-Hammer-Curls-(with-arm-blaster)_Forearms_small.png
4472,Dumbbell + Exercise Ball On The Wall Calf Raise,bilateral_simultaneous,calves,dumbbell,gastrocnemius|soleus,,isolation,https://apilyfta.com/static/GymvisualPNG/32411101-Exercise-Ball-on-the-Wall-Calf-Raise-(tennis-ball-between-ankles)_Calves_small.png
27723,Dumbbell + Walking Calf Raise,unilateral_alternating,calves,dumbbell,gastrocnemius|soleus,,isolation,https://apilyfta.com/static/GymvisualPNG/56981101-Dumbbell-Walking-Calf-Raise_Calves_small.png
358,Smith Machine + Smith Toe Raise,bilateral_simultaneous,calves,smith machine,tibialis anterior,,isolation,https://apilyfta.com/static/GymvisualPNG/13961101-Smith-Toe-Raise_Calves_small.png
27658,Weighted + Seated Calf Raise (Version 2),bilateral_simultaneous,calves,dumbbell,gastrocnemius|soleus,,isolation,https://apilyfta.com/static/GymvisualPNG/54831101-Weighted-Seated-Calf-Raise-(VERSION-2)_Calves_small.png
3999,Weighted + Ankle - Dorsal Flexion - Articulations,bilateral_simultaneous,calves,body weight,tibialis anterior,,isolation,https://apilyfta.com/static/GymvisualPNG/27611101-Ankle---Dorsal-Flexion_Articulations_small.png
307,Leverage Machine + Lever Seated One Leg Calf Raise,bilateral_simultaneous,calves,leverage machine, gastrocnemius|soleus,,isolation,https://apilyfta.com/static/GymvisualPNG/12161101-Lever-seated-one-leg-calf-raise_calves_small.png
3573,Leverage Machine + Lever Seated Calf Press,bilateral_simultaneous,calves,leverage machine,gastrocnemius|soleus,,isolation,https://apilyfta.com/static/GymvisualPNG/23351101-Lever-Seated-Calf-Press_Calves_small.png
28188,Leverage Machine + Lever Seated Calf Press (Version 2) (Male),bilateral_simultaneous,calves,leverage machine,gastrocnemius|soleus,,isolation,https://apilyfta.com/static/GymvisualPNG/71761101-Lever-Seated-Calf-Press-(VERSION-2)-(male)_Calves_small.png
5568,Smith Machine + Smith Seated Calf Raise,bilateral_simultaneous,calves,smith machine,gastrocnemius|soleus,,isolation,https://apilyfta.com/static/GymvisualPNG/43701101-Smith-Seated-Calf-Raise_Calves_small.png
353,Body Weight + Bodyweight Standing Calf Raise,bilateral_simultaneous,calves,body weight,gastrocnemius|soleus,,isolation,https://apilyfta.com/static/GymvisualPNG/13731101-Bodyweight-Standing-Calf-Raise_Calves_small.png
4943,Dumbbell + Standing Single Leg Calf Raise,unilateral_alternating,calves,dumbbell,gastrocnemius|soleus,,isolation,https://apilyfta.com/static/GymvisualPNG/37131101-Dumbbell-Standing-Single-Leg-Calf-Raise_Calves_small.png
2753,Weighted + One Leg Floor Calf Raise,bilateral_simultaneous,calves,body weight,gastrocnemius|soleus,,isolation,https://apilyfta.com/static/GymvisualPNG/13871101-One-Leg-Floor-Calf-Raise_Calves_small.png
2224,Smith Machine + Smith Standing Leg Calf Raise,bilateral_simultaneous,calves,smith machine,gastrocnemius|soleus,,isolation,https://apilyfta.com/static/GymvisualPNG/07731101-Smith-Standing-Leg-Calf-Raise_Calf_small.png
1562,Barbell + Standing Rocking Leg Calf Raise,bilateral_simultaneous,calves,barbell,gastrocnemius|soleus,,isolation,https://apilyfta.com/static/GymvisualPNG/01111101-Barbell-Standing-Rocking-Leg-Calf-Raise_Calf_small.png
2759,Smith Machine + Smith Seated One Leg Calf Raise,bilateral_simultaneous,calves,smith machine,gastrocnemius|soleus,,isolation,https://apilyfta.com/static/GymvisualPNG/13951101-Smith-Seated-One-Leg-Calf-Raise_Calves_small.png
2758,Smith Machine + Smith One Leg Floor Calf Raise,bilateral_simultaneous,calves,smith machine,gastrocnemius|soleus,,isolation,https://apilyfta.com/static/GymvisualPNG/13931101-Smith-One-Leg-Floor-Calf-Raise_Calves_small.png
1559,Barbell + Standing Leg Calf Raise,bilateral_simultaneous,calves,barbell,gastrocnemius|soleus,,isolation,https://apilyfta.com/static/GymvisualPNG/01081101-Barbell-Standing-Leg-Calf-Raise_Calf_small.png
5365,Weighted + Seated Calf Raise,bilateral_simultaneous,calves,dumbbell,gastrocnemius|soleus,,isolation,https://apilyfta.com/static/GymvisualPNG/41551101-Weighted-Seated-Calf-Raise_Calves_small.png
352,Barbell + Floor Calf Raise,bilateral_simultaneous,calves,barbell,gastrocnemius|soleus,,isolation,https://apilyfta.com/static/GymvisualPNG/13701101-Barbell-Floor-Calf-Raise_Calves_small.png
251,Smith Machine + Smith Reverse Calf Raises,bilateral_simultaneous,calves,smith machine,gastrocnemius|soleus,,isolation,https://apilyfta.com/static/GymvisualPNG/07631101-Smith-Reverse-Calf-Raises_calf_small.png
2741,Barbell + Standing Calf Raise,bilateral_simultaneous,calves,barbell,gastrocnemius|soleus,,isolation,https://apilyfta.com/static/GymvisualPNG/13721101-Barbell-Standing-Calf-Raise_Calves_small.png
4620,Weighted + Calf Raise From Deficit With Chair Supported,bilateral_simultaneous,calves,body weight,gastrocnemius|soleus,,isolation,https://apilyfta.com/static/GymvisualPNG/33901101-Calf-Raise-from-Deficit-with-Chair-Supported_Calves_small.png
2748,Dumbbell + Seated One Leg Calf Raise - Palm Up,unilateral_alternating,calves,dumbbell,gastrocnemius|soleus,,isolation,https://apilyfta.com/static/GymvisualPNG/13811101-Dumbbell-Seated-One-Leg-Calf-Raise---Palm-up_Calves_small.png
295,Smith Machine + Smith Calf Raise,bilateral_simultaneous,calves,smith machine,gastrocnemius|soleus,,isolation,https://apilyfta.com/static/GymvisualPNG/11641101-Smith-Calf-Raise-(version-2)_Calves_small.png
2740,Barbell + Seated Calf Raise,bilateral_simultaneous,calves,barbell,gastrocnemius|soleus,,isolation,https://apilyfta.com/static/GymvisualPNG/13711101-Barbell-Seated-Calf-Raise_Calves_small.png
27659,Weighted + Seated Single Calf Raise (Version 2),bilateral_simultaneous,calves,dumbbell,gastrocnemius|soleus,,isolation,https://apilyfta.com/static/GymvisualPNG/54841101-Weighted-Seated-Single-Calf-Raise-(VERSION-2)_Calves_small.png
1868,Dumbbell + Standing Calf Raise,bilateral_simultaneous,calves,dumbbell,gastrocnemius|soleus,,isolation,https://apilyfta.com/static/GymvisualPNG/04171101-Dumbbell-Standing-Calf-Raise_Calf_small.png
2746,Dumbbell + Seated Calf Raise,bilateral_simultaneous,calves,dumbbell,gastrocnemius|soleus,,isolation,https://apilyfta.com/static/GymvisualPNG/13791101-Dumbbell-Seated-Calf-Raise_Calves_small.png
2751,Leverage Machine + Lever Seated Squat Calf Raise On Leg Press Machine,bilateral_simultaneous,calves,leverage machine,gastrocnemius|soleus,quadriceps|hamstrings,compound,https://apilyfta.com/static/GymvisualPNG/13851101-Lever-Seated-Squat-Calf-Raise-on-Leg-Press-Machine_Calves_small.png
3451,Weighted + Lever Standing Calf Raise,bilateral_simultaneous,calves,body weight,gastrocnemius|soleus,,isolation,https://apilyfta.com/static/GymvisualPNG/22111101-Lever-Standing-Calf-Raise-(female)_Calves_small.png
2747,Dumbbell + Seated One Leg Calf Raise - Hammer Grip,unilateral_alternating,calves,dumbbell,gastrocnemius|soleus,,isolation,https://apilyfta.com/static/GymvisualPNG/13801101-Dumbbell-Seated-One-Leg-Calf-Raise---Hammer-Grip_Calves_small.png
2388,Calves Stretch,duration_based,calves,body weight,gastrocnemius|soleus,,isolation,https://apilyfta.com/static/GymvisualPNG/09371101-Calves-stretch_Calves_small.png
3904,Leverage Machine + Lever Seated Calf Raise,bilateral_simultaneous,calves,leverage machine,gastrocnemius|soleus,,isolation,https://apilyfta.com/static/GymvisualPNG/26661101-Lever-Seated-Calf-Raise-(plate-loaded)-(VERSION-2)_Calves_small.png
3554,Weighted + Lever Rotary Calf,bilateral_simultaneous,calves,leverage machine,gastrocnemius|soleus,,isolation,https://apilyfta.com/static/GymvisualPNG/23151101-Lever-Rotary-Calf_Calves_small.png
38,Barbell + Seated Calf Raise,bilateral_simultaneous,calves,barbell,gastrocnemius|soleus,,isolation,https://apilyfta.com/static/GymvisualPNG/00881101-Barbell-Seated-Calf-Raise_Calves_small.png
5370,Weighted + Squat Hold Calf Raise,bilateral_simultaneous,calves|quadriceps,body weight,gastrocnemius|soleus,quadriceps,compound,https://apilyfta.com/static/GymvisualPNG/41601101-Squat-Hold-Calf-Raise_Calves_small.png
2136,Run,duration_based,cardio,body weight,cardio,,cardio,https://apilyfta.com/static/GymvisualPNG/06851101-Run_Cardio-FIX_small.png
1928,High Knee Skips,duration_based,cardio,body weight,cardio,quadriceps|hamstrings|glutes,cardio,https://apilyfta.com/static/GymvisualPNG/04771101-High-Knee-Skips_Cardio_small.png
1967,Jumping Jack,duration_based,cardio,body weight,cardio,,cardio,https://apilyfta.com/static/GymvisualPNG/05161101-Jumping-Jack_Cardio_small.png
4906,Skip Jump Rope,duration_based,cardio,rope,cardio,,cardio,https://apilyfta.com/static/GymvisualPNG/36761101-Skip-Jump-Rope-(male)_Cardio_small.png
4275,Butt Kicks,duration_based,cardio,body weight,cardio,hamstrings|glutes,cardio,https://apilyfta.com/static/GymvisualPNG/30371101-Butt-Kicks-(male)_Cardio_small.png
3436,Elliptical Machine Walk,duration_based,cardio,elliptical machine,cardio,,cardio,https://apilyfta.com/static/GymvisualPNG/21921101-Elliptical-Machine-Walk_Cardio_small.png
3518,Stationary Bike Run,duration_based,cardio,exercise bike,cardio,,cardio,https://apilyfta.com/static/GymvisualPNG/22791101-Stationary-Bike-Run-(version-4)_Cardio_small.png
3437,Bicycle Recline Walk,duration_based,cardio,exercise bike,cardio,,cardio,https://apilyfta.com/static/GymvisualPNG/21931101-Bicycle-Recline-Walk_Cardio_small.png
4896,Walking On Incline Treadmill,duration_based,cardio,treadmill,cardio,,cardio,https://apilyfta.com/static/GymvisualPNG/36661101-Walking-on-Incline-Treadmill_Cardio_small.png
3499,Walking On Treadmill,duration_based,cardio,treadmill,cardio,,cardio,https://apilyfta.com/static/GymvisualPNG/22591101-Walking-on-Treadmill_Cardio_small.png
3498,Walking,duration_based,cardio,body weight,cardio,,cardio,https://apilyfta.com/static/GymvisualPNG/22581101-Walking_Cardio_small.png
1962,Jump Rope,duration_based,cardio,rope,cardio,,cardio,https://apilyfta.com/static/GymvisualPNG/05111101-Jump-Rope-(female)_Cardio-FIX_small.png
2081,Mountain Climber,duration_based,cardio,body weight,cardio,,cardio,https://apilyfta.com/static/GymvisualPNG/06301101-Mountain-Climber_Cardio-FIX_small.png
293,Body Weight + Burpee,duration_based,cardio,body weight,cardio,,cardio,https://apilyfta.com/static/GymvisualPNG/11601101-Burpee_Cardio_small.png
3569,Cycle Cross Trainer,duration_based,cardio,exercise bike,cardio,,cardio,https://apilyfta.com/static/GymvisualPNG/23311101-Cycle-Cross-Trainer_Cardio_small.png
3439,Run On Treadmill,duration_based,cardio,treadmill,cardio,,cardio,https://apilyfta.com/static/GymvisualPNG/21971101-Run-on-Treadmill-(female)_Cardio_small.png
2135,Run,duration_based,cardio,treadmill,cardio,,cardio,https://apilyfta.com/static/GymvisualPNG/06841101-Run-(equipment)_Cardio_small.png
1929,Weighted + High Knee Squat,bilateral_simultaneous,cardio,body weight,cardio,quadriceps|glutes,cardio,https://apilyfta.com/static/GymvisualPNG/04781101-High-Knee-Squat_Cardio_small.png
241,Smith Machine + Smith Bench Press,bilateral_simultaneous,chest,smith machine,middle chests,front deltoids|triceps,compound,https://apilyfta.com/static/GymvisualPNG/07481101-Smith-Bench-Press_Chest-FIX_small.png
5569,Weighted + Lever Incline One Arm Chest Press,bilateral_simultaneous,chest,chest press machine,upper chests,front deltoids|triceps,compound,https://apilyfta.com/static/GymvisualPNG/43711101-Lever-Incline-One-Arm-Chest-Press-(plate-loaded)_Chest_small.png
48265,Cable + Standing Alternate Chest Fly,bilateral_simultaneous,chest,cable,middle chests,,isolation,https://apilyfta.com/static/GymvisualPNG/79871201-Cable-Standing-Alternate-Chest-Fly_Chest_GREEN.png
219,Leverage Machine + Lever Seated Fly,bilateral_simultaneous,chest,leverage machine,middle chests,,isolation,https://apilyfta.com/static/GymvisualPNG/05961101-Lever-Seated-Fly_Chest_small.png
1639,Cable + Middle Fly,bilateral_simultaneous,chest,cable,middle chests,,isolation,https://apilyfta.com/static/GymvisualPNG/01881101-Cable-Middle-Fly_Chest-FIX_small.png
2796,Cable + Dumbbell Bent Arm Pullover Hold Isometric,bilateral_simultaneous,chest,dumbbell,middle chests,latissimus dorsis|triceps longus,isolation,https://apilyfta.com/static/GymvisualPNG/14441101-Dumbbell-Bent-Arm-Pullover-Hold_Isometric_small.png
114,Weighted + Decline Push-Up,bilateral_simultaneous,chest,body weight,middle chests,front deltoids|triceps,compound,https://apilyfta.com/static/GymvisualPNG/02791101-Decline-Push-Up-m_chest_small.png
1630,Cable + Low Fly,bilateral_simultaneous,chest,cable,small chest muscles,,isolation,https://apilyfta.com/static/GymvisualPNG/01791101-Cable-Low-Fly_Chest-FIX_small.png
204,Leverage Machine + Lever Chest Press,bilateral_simultaneous,chest,leverage machine,middle chests,front deltoids|triceps,compound,https://apilyfta.com/static/GymvisualPNG/05761101-Lever-Chest-Press-(plate-loaded)_Chest_small.png
100,Cable + Standing Fly,bilateral_simultaneous,chest,cable,middle chests,,isolation,https://apilyfta.com/static/GymvisualPNG/02271101-Cable-Standing-Fly_Chest_small.png
2670,Body Weight + Deep Push Up,bilateral_simultaneous,chest,body weight|dumbbell,middle chests,front deltoids|triceps,compound,https://apilyfta.com/static/GymvisualPNG/12741101-Deep-Push-Up_Chest-FIX_small.png
5129,Dumbbell + Low Fly,bilateral_simultaneous,chest,dumbbell,small chest muscles,,isolation,https://apilyfta.com/static/GymvisualPNG/39111101-Dumbbell-Low-Fly_Chest_small.png
1826,Cable + Dumbbell Pullover,unilateral_simultaneous,chest,dumbbell,middle chests,latissimus dorsis|triceps longus,isolation,https://apilyfta.com/static/GymvisualPNG/03751101-Dumbbell-Pullover_Chest_small.png
4953,Barbell + Floor Chest Press,bilateral_simultaneous,chest,barbell,middle chests,front deltoids|triceps,compound,https://apilyfta.com/static/GymvisualPNG/37241101-Barbell-Floor-Chest-Press_Chest_small.png
275,Leverage Machine + Lever Pec Deck Fly,bilateral_simultaneous,chest,leverage machine,middle chests,,isolation,https://apilyfta.com/static/GymvisualPNG/10301101-Lever-Pec-Deck-Fly_Chest_small.png
3916,Cable + Bench Press,bilateral_simultaneous,chest,cable,middle chests,front deltoids|triceps,compound,https://apilyfta.com/static/GymvisualPNG/26781101-Cable-Bench-Press-(female)_Chest_small.png
1759,Dumbbell + Fly,bilateral_simultaneous,chest,dumbbell,middle chests,,isolation,https://apilyfta.com/static/GymvisualPNG/03081101-Dumbbell-Fly_Chest-FIX_small.png
245,Smith Machine + Smith Decline Bench Press,bilateral_simultaneous,chest,smith machine,middle chests,front deltoids|triceps,compound,https://apilyfta.com/static/GymvisualPNG/07531101-Smith-Decline-Bench-Press_Chest_small.png
27756,Weighted + Lever Incline Fly (Male),bilateral_simultaneous,chest,leverage machine,upper chests,,isolation,https://apilyfta.com/static/GymvisualPNG/58431101-Lever-Incline-Fly-(male)_Chest_small.png
5208,Dumbbell + Push-Up Front Raise,unilateral_alternating,chest,dumbbell,middle chests,front deltoids|triceps,compound,https://apilyfta.com/static/GymvisualPNG/39931101-Dumbbell-Push-up-Front-Raise_Chest_small.png
1752,Dumbbell + Decline Bench Press,bilateral_simultaneous,chest,dumbbell,middle chests,front deltoids|triceps,compound,https://apilyfta.com/static/GymvisualPNG/03011101-Dumbbell-Decline-Bench-Press_Chest-FIX_small.png
327,Weighted + Lever Decline Chest Press,bilateral_simultaneous,chest,chest press machine,middle chests,front deltoids|triceps,compound,https://apilyfta.com/static/GymvisualPNG/13001101-Lever-Decline-Chest-Press_Chest_small.png
27745,Cable + Low Chest Press (Male),bilateral_simultaneous,chest,cable,small chest muscles,front deltoids|triceps,compound,https://apilyfta.com/static/GymvisualPNG/58141101-Cable-Low-Chest-Press-(male)_Chest_small.png
1498,Barbell + Incline Bench Press,bilateral_simultaneous,chest,barbell,upper chests,front deltoids|triceps,compound,https://apilyfta.com/static/GymvisualPNG/00471101-Barbell-Incline-Bench-Press_Chest-FIX_small.png
326,Weighted + Lever Incline Chest Press,bilateral_simultaneous,chest,chest press machine,upper chests,front deltoids|triceps,compound,https://apilyfta.com/static/GymvisualPNG/12991101-Leverage-Incline-Chest-Press_Chest_small.png
247,Smith Machine + Smith Incline Bench Press,bilateral_simultaneous,chest,smith machine,upper chests,front deltoids|triceps,compound,https://apilyfta.com/static/GymvisualPNG/07571101-Smith-Incline-Bench-Press_Chest-FIX_small.png
4911,Dumbbell + Squeeze Bench Press,bilateral_simultaneous,chest,dumbbell,middle chests,front deltoids|triceps,compound,https://apilyfta.com/static/GymvisualPNG/36811101-Dumbbell-Squeeze-Bench-Press_Chest_small.png
47587,Cable + Single Arm Crossover,bilateral_simultaneous,chest,cable,middle chests,,isolation,https://apilyfta.com/static/GymvisualPNG/69491201-Cable-Single-Arm-Crossover-(male)_Chest_GREEN.png
1678,Cable + Standing Fly,bilateral_simultaneous,chest,cable,middle chests,,isolation,https://apilyfta.com/static/GymvisualPNG/02271101-Cable-Standing-Fly_Chest-FIX_small.png
2,Barbell + Bench Press,bilateral_simultaneous,chest,barbell,middle chests,front deltoids|triceps,compound,https://apilyfta.com/static/GymvisualPNG/00251101-Barbell-Bench-Press_Chest-FIX_small.png
330,Smith Machine + Smith Wide Grip Decline Bench Press,bilateral_simultaneous,chest,smith machine,middle chests,front deltoids|triceps,compound,https://apilyfta.com/static/GymvisualPNG/13091101-Smith-Wide-Grip-Decline-Bench-Press_Chest_small.png
5162,Dumbbell + Seated Upright Alternate Squeeze Press,unilateral_alternating,chest,dumbbell,middle chests,front deltoids|triceps,compound,https://apilyfta.com/static/GymvisualPNG/39461101-Dumbbell-Seated-Upright-Alternate-Squeeze-Press_Chest_small.png
329,Smith Machine + Smith Wide Grip Bench Press,bilateral_simultaneous,chest,smith machine,pectoralis major sternal head,pectoralis major clavicular head|front deltoids|triceps,compound,https://apilyfta.com/static/GymvisualPNG/13081101-Smith-Wide-Grip-Bench-Press_Chest_small.png
1476,Barbell + Bench Press,bilateral_simultaneous,chest,barbell,pectoralis major sternal head,pectoralis major clavicular head|front deltoids|triceps,compound,https://apilyfta.com/static/GymvisualPNG/00251101-Barbell-Bench-Press_Chest-FIX2_small.png
2628,Cable + Twisting Standing One Arm Chest Press,bilateral_simultaneous,chest,cable,middle chests,front deltoids|triceps|external obliques|internal obliques,compound,https://apilyfta.com/static/GymvisualPNG/12111101-Cable-twisting-standing-one-arm-chest-press_chest_small.png
127,Dumbbell + Decline Bench Press,bilateral_simultaneous,chest,dumbbell,middle chests,front deltoids|triceps,compound,https://apilyfta.com/static/GymvisualPNG/03011101-Dumbbell-Decline-Bench-Press_Chest_small.png
5182,Dumbbell + Incline Around The World,bilateral_simultaneous,chest,dumbbell,upper chests,front deltoids|side deltoids,compound,https://apilyfta.com/static/GymvisualPNG/39671101-Dumbbell-Incline-Around-the-World_Shoulders_small.png
1770,Dumbbell + Incline Fly,bilateral_simultaneous,chest,dumbbell,upper chests,,isolation,https://apilyfta.com/static/GymvisualPNG/03191101-Dumbbell-Incline-Fly_Chest-FIX_small.png
5540,Dumbbell + Twisted Fly,bilateral_simultaneous,chest,dumbbell,middle chests,,isolation,https://apilyfta.com/static/GymvisualPNG/43421101-Dumbbell-Twisted-Fly_Chest_small.png
129,Dumbbell + Decline Hammer Press,bilateral_simultaneous,chest,dumbbell,middle chests,front deltoids|triceps,compound,https://apilyfta.com/static/GymvisualPNG/03031101-Dumbbell-Decline-Hammer-Press_Chest_small.png
117,Dumbbell + Bench Press,bilateral_simultaneous,chest,dumbbell,middle chests,front deltoids|triceps,compound,https://apilyfta.com/static/GymvisualPNG/02891101-Dumbbell-Bench-Press_Chest_small.png
324,Cable + Standing Up Straight Crossovers,bilateral_simultaneous,chest,cable,middle chests,,isolation,https://apilyfta.com/static/GymvisualPNG/12691101-Cable-Standing-Up-Straight-Crossovers_Chest_small.png
1779,Dumbbell + Incline Shoulder Raise,bilateral_simultaneous,chest,dumbbell,upper chests,front deltoids,compound,https://apilyfta.com/static/GymvisualPNG/03281101-Dumbbell-Incline-Shoulder-Raise_chest_small.png
4925,Dumbbell + Alternate Bench Press,unilateral_alternating,chest,dumbbell,middle chests,front deltoids|triceps,compound,https://apilyfta.com/static/GymvisualPNG/36951101-Dumbbell-Alternate-Bench-Press-(high-start)_Chest_small.png
5374,Dumbbell + Devils Press,bilateral_simultaneous,chest,dumbbell,middle chests,front deltoids|triceps|front deltoids|side deltoids|rear deltoids,compound,https://apilyfta.com/static/GymvisualPNG/41641101-Dumbbell-Devils-Press_Plyometric_small.png
5088,Cable + Fly With Chest Supported,bilateral_simultaneous,chest,cable,middle chests,,isolation,https://apilyfta.com/static/GymvisualPNG/38681101-Cable-Fly-with-Chest-Supported_Chest_small.png
136,Dumbbell + Incline Bench Press,bilateral_simultaneous,chest,dumbbell,pectoralis major clavicular head,pectoralis major sternal head|front deltoids|triceps,compound,https://apilyfta.com/static/GymvisualPNG/03141101-Dumbbell-Incline-Bench-Press_Chest_small.png
286,Weighted + Lever Lying Chest Press,bilateral_simultaneous,chest,leverage machine,middle chests,front deltoids|triceps,compound,https://apilyfta.com/static/GymvisualPNG/10411101-Lever-Lying-Chest-Press-(plate-loaded)_Chest_small.png
1775,Dumbbell + Incline Palm-In Press,bilateral_simultaneous,chest,dumbbell,upper chests,front deltoids|triceps,compound,https://apilyfta.com/static/GymvisualPNG/03241101-Dumbbell-Incline-Palm-in-Press_Chest_small.png
111,Body Weight + Chest Dip,bodyweight_full,chest,body weight,middle chests,front deltoids|triceps,compound,https://apilyfta.com/static/GymvisualPNG/02511101-Chest-Dip_Chest_small.png
298,Dumbbell + Lying Hammer Press,bilateral_simultaneous,chest,dumbbell,middle chests,front deltoids|triceps,compound,https://apilyfta.com/static/GymvisualPNG/11771101-Dumbbell-Lying-Hammer-Press-(version-2)_Chest_small.png
404,Dumbbell + Reverse Bench Press,bilateral_simultaneous,chest,dumbbell,middle chests,front deltoids|triceps,compound,https://apilyfta.com/static/GymvisualPNG/16241101-Dumbbell-Reverse-Bench-Press_Chest_small.png
2802,Dumbbell + Flat Flye Hold Isometric,bilateral_simultaneous,chest,dumbbell,middle chests,,isolation,https://apilyfta.com/static/GymvisualPNG/14501101-Dumbbell-Flat-Flye-Hold_Isometric_small.png
1460,Body Weight + Assisted Chest Dip,assisted_bodyweight,chest,body weight,middle chests,front deltoids|triceps,compound,https://apilyfta.com/static/GymvisualPNG/00091101-Assisted-Chest-Dip-(kneeling)_Chest_small.png
230,Weighted + Push-Up,bilateral_simultaneous,chest,body weight,middle chests,front deltoids|triceps,compound,https://apilyfta.com/static/GymvisualPNG/06621101-Push-up-m_Chest-FIX_small.png
27367,Barbell + Pause Bench Press,bilateral_simultaneous,chest,barbell,middle chests,front deltoids|triceps,compound,https://apilyfta.com/static/GymvisualPNG/50131101-Barbell-Pause-Bench-Press_Chest_small.png
3407,Cable + Seated Chest Press,bilateral_simultaneous,chest,cable,middle chests,front deltoids|triceps,compound,https://apilyfta.com/static/GymvisualPNG/21441101-Cable-Seated-Chest-Press_Chest_small.png
5421,Weighted + Lever Banded Chest Press,bilateral_simultaneous,chest,leverage machine,middle chests,front deltoids|triceps,compound,https://apilyfta.com/static/GymvisualPNG/42131101-Lever-Banded-Chest-Press_Chest_small.png
3602,Body Weight + Assisted Wide-Grip Chest Dip,assisted_bodyweight,chest,body weight,middle chests,front deltoids|triceps,compound,https://apilyfta.com/static/GymvisualPNG/23641101-Assisted-Wide-Grip-Chest-Dip-(kneeling)_Chest_small.png
1573,Barbell + Wide Bench Press,bilateral_simultaneous,chest,barbell,middle chests,front deltoids|triceps,compound,https://apilyfta.com/static/GymvisualPNG/01221101-Barbell-Wide-Bench-Press_Chest_small.png
3680,Cable + Upper Chest Crossovers,bilateral_simultaneous,chest,cable,upper chests,,isolation,https://apilyfta.com/static/GymvisualPNG/24421101-Cable-Upper-Chest-Crossovers-(female)_Chest_small.png
11,Barbell + Decline Wide-Grip Press,bilateral_simultaneous,chest,barbell,middle chests,front deltoids|triceps,compound,https://apilyfta.com/static/GymvisualPNG/00361101-Barbell-Decline-Wide-grip-Press_Chest_small.png
4918,Dumbbell + Seated Reverse Grip Biceps Curl,bilateral_simultaneous,forearms,dumbbell,extensors,brachialis|brachioradialis,isolation,https://apilyfta.com/static/GymvisualPNG/36881101-Dumbbell-Seated-Reverse-Grip-Biceps-Curl_Forearms_small.png
2788,Weighted + Wrist Circles,bilateral_simultaneous,forearms,body weight,flexors|extensors,,isolation,https://apilyfta.com/static/GymvisualPNG/14281101-Wrist-Circles_Forearms_small.png
367,Dumbbell + Finger Curls,bilateral_simultaneous,forearms,dumbbell,flexors,extensors,isolation,https://apilyfta.com/static/GymvisualPNG/14371101-Dumbbell-finger-curls_Hand_small.png
28088,Weighted + Plate Standing Biceps Curl (Male),bilateral_simultaneous,forearms,weighted,biceps brachii,brachialis|brachioradialis,isolation,https://apilyfta.com/static/GymvisualPNG/66981101-Weighted-Plate-Standing-Biceps-Curl-(male)_Forearms_small.png
152,Dumbbell + One Arm Revers Wrist Curl,unilateral_alternating,forearms,dumbbell,extensors,flexors,isolation,https://apilyfta.com/static/GymvisualPNG/03581101-Dumbbell-One-arm-Revers-Wrist-Curl_Forearms_small.png
2774,Barbell + Palms Down Wrist Curl Over A Bench,bilateral_simultaneous,forearms,barbell,extensors,flexors,isolation,https://apilyfta.com/static/GymvisualPNG/14111101-Barbell-Palms-Down-Wrist-Curl-Over-A-Bench_Forearms_small.png
28179,Weighted + Plate Standing Hands Torsion (Male),bilateral_simultaneous,forearms,weighted,flexors|extensors,,isolation,https://apilyfta.com/static/GymvisualPNG/70551101-Weighted-Plate-Standing-Hands-Torsion-(male)_Forearms_small.png
28180,Dumbbell + Standing Reverse Curl Rotate (Male),bilateral_simultaneous,forearms,dumbbell,extensors,brachialis|biceps brachii,isolation,https://apilyfta.com/static/GymvisualPNG/70561101-Dumbbell-Standing-Reverse-Curl-Rotate-(male)_Forearms_small.png
1836,Dumbbell + Reverse Wrist Curl,bilateral_simultaneous,forearms,dumbbell,extensors,flexors,isolation,https://apilyfta.com/static/GymvisualPNG/03851101-Dumbbell-Reverse-Wrist-Curl_Forearm_small.png
27974,Barbell + Standing Wrist Curl,bilateral_simultaneous,forearms,barbell,flexors,extensors,isolation,https://apilyfta.com/static/GymvisualPNG/62621101-Barbell-Standing-Wrist-Curl_Forearms_small.png
27682,Ez Barbell + Ez Bar Seated Wrist Curl,bilateral_simultaneous,forearms,ez barbell,flexors,extensors,isolation,https://apilyfta.com/static/GymvisualPNG/55791101-EZ-Bar-Seated-Wrist-Curl_Forearms-FIX_small.png
155,Dumbbell + Over Bench One Arm Neutral Wrist Curl,unilateral_alternating,forearms,dumbbell,flexors,extensors,isolation,https://apilyfta.com/static/GymvisualPNG/03661101-Dumbbell-Over-Bench-One-Arm--Neutral-Wrist-Curl_Forearms_small.png
1876,Dumbbell + Standing One Arm Reverse Curl,unilateral_alternating,forearms,dumbbell,extensors,brachialis|biceps brachii,isolation,https://apilyfta.com/static/GymvisualPNG/04251101-Dumbbell-Standing-One-Arm-Reverse-Curl_Forearms_small.png
27979,Dumbbell + Standing Arms Rotate,bilateral_simultaneous,forearms,dumbbell,flexors|extensors,,isolation,https://apilyfta.com/static/GymvisualPNG/62671101-Dumbbell-Standing-Arms-Rotate_Forearms_small.png
156,Dumbbell + Over Bench One Arm Wrist Curl,unilateral_alternating,forearms,dumbbell,flexors,extensors,isolation,https://apilyfta.com/static/GymvisualPNG/03671101-Dumbbell-Over-Bench-One-Arm-Wrist-Curl_Forearms_small.png
1698,Cable + Wrist Curl,bilateral_simultaneous,forearms,cable,flexors,extensors,isolation,https://apilyfta.com/static/GymvisualPNG/02471101-Cable-Wrist-Curl_Forearm_small.png
1852,Dumbbell + Seated Palms Up Wrist Curl,bilateral_simultaneous,forearms,dumbbell,flexors,extensors,isolation,https://apilyfta.com/static/GymvisualPNG/04011101-Dumbbell-Seated-Palms-Up-Wrist-Curl_Forearms_small.png
28013,Dumbbell + Standing Wrist Reverse Curl,bilateral_simultaneous,forearms,dumbbell,extensors,flexors,isolation,https://apilyfta.com/static/GymvisualPNG/63621101-Dumbbell-Standing-Wrist-Reverse-Curl_Forearms_small.png
1819,Dumbbell + Over Bench Revers Wrist Curl,bilateral_simultaneous,forearms,dumbbell,extensors,flexors,isolation,https://apilyfta.com/static/GymvisualPNG/03681101-Dumbbell-Over-Bench-Revers-Wrist-Curl_Forearms_small.png
1903,Barbell + Ez Reverse Grip Preacher Curl,bilateral_simultaneous,forearms,barbell,extensors,brachialis|biceps brachii,isolation,https://apilyfta.com/static/GymvisualPNG/04521101-EZ-Barbell-Reverse-grip-Preacher-Curl_Forearms_small.png
28012,Barbell + Ez Standing Wrist Reverse Curl,bilateral_simultaneous,forearms,ez barbell,extensors,flexors,isolation,https://apilyfta.com/static/GymvisualPNG/63611101-EZ-Barbell-Standing-Wrist-Reverse-Curl_Forearms_small.png
27980,Barbell + Ez Standing Single Arm Neutral Wrist Curl,bilateral_simultaneous,forearms,ez barbell,flexors,extensors,isolation,https://apilyfta.com/static/GymvisualPNG/62681101-EZ-Barbell-Standing-Single-Arm-Neutral-Wrist-Curl_Forearms_small.png
2304,Weighted + Standing Curl,bilateral_simultaneous,forearms,weighted,biceps brachii,brachialis|brachioradialis,isolation,https://apilyfta.com/static/GymvisualPNG/08531101-Weighted-Standing-Curl_Forearms_small.png
2984,Dumbbell + Two Arm Seated Hammer Curl On Exercise Ball,bilateral_simultaneous,forearms,dumbbell,brachialis,biceps brachii|brachioradialis,isolation,https://apilyfta.com/static/GymvisualPNG/16811101-Dumbbell-Two-Arm-Seated-Hammer-Curl-on-Exercise-Ball_Upper-Arms_small.png
1616,Cable + Hammer Curl,bilateral_simultaneous,forearms,cable,brachialis|brachioradialis,biceps brachii,isolation,https://apilyfta.com/static/GymvisualPNG/01651101-Cable-Hammer-Curl-(with-rope)-m_Forearms_small.png
153,Dumbbell + One Arm Wrist Curl,unilateral_alternating,forearms,dumbbell,flexors,extensors,isolation,https://apilyfta.com/static/GymvisualPNG/03641101-Dumbbell-One-arm-Wrist-Curl_Forearm-SFIX_small.png
28015,Ez Barbell + Ez Bar Seated Wrist Reverse Curl,bilateral_simultaneous,forearms,ez barbell,extensors|flexors,,isolation,https://apilyfta.com/static/GymvisualPNG/63641101-EZ-Bar-Seated-Wrist-Reverse-Curl_Forearms_small.png
1661,Cable + Reverse Wrist Curl,bilateral_simultaneous,forearms,cable,extensors,flexors,isolation,https://apilyfta.com/static/GymvisualPNG/02101101-Cable-Reverse-Wrist-Curl_Forearm_small.png
1880,Dumbbell + Standing Reverse Curl,bilateral_simultaneous,forearms,dumbbell,brachialis|brachioradialis,biceps brachii,isolation,https://apilyfta.com/static/GymvisualPNG/04291101-Dumbbell-Standing-Reverse-Curl_Forearms_small.png
2783,Body Weight + Modified Push Up To Forearms,bilateral_simultaneous,forearms,body weight,triceps,front deltoids|middle chests,compound,https://apilyfta.com/static/GymvisualPNG/14211101-Modified-Push-Up-to-Forearms_Forearms_small.png
399,Barbell + Behind Back Finger Curl,bilateral_simultaneous,forearms,barbell,flexors,,isolation,https://apilyfta.com/static/GymvisualPNG/16101101-Barbell-Behind-Back-Finger-Curl_Forearms_small.png
1820,Dumbbell + Over Bench Wrist Curl,bilateral_simultaneous,forearms,dumbbell,flexors,,isolation,https://apilyfta.com/static/GymvisualPNG/03691101-Dumbbell-Over-Bench-Wrist-Curl_Forearms_small.png
28017,Dumbbell + Standing Back Wrist Curl,bilateral_simultaneous,forearms,dumbbell,extensors,,isolation,https://apilyfta.com/static/GymvisualPNG/63661101-Dumbbell-Standing-Back-Wrist-Curl_Forearms_small.png
4192,Cable + Standing Reverse Grip Curl,bilateral_simultaneous,forearms,cable,brachialis|brachioradialis,biceps brachii,isolation,https://apilyfta.com/static/GymvisualPNG/29541101-Cable-Standing-Reverse-Grip-Curl-(Straight-bar)_Forearms_small.png
28014,Cable + Standing Wrist Reverse Curl,bilateral_simultaneous,forearms,cable,extensors,,isolation,https://apilyfta.com/static/GymvisualPNG/63631101-Cable-Standing-Wrist-Reverse-Curl_Forearms_small.png
4027,Weighted + Wrist - Adduction - Articulations,bilateral_simultaneous,forearms,body weight,flexors|extensors,,isolation,https://apilyfta.com/static/GymvisualPNG/27891101-Wrist---Adduction_Articulations_small.png
28010,Dumbbell + Standing Wrist Curl,bilateral_simultaneous,forearms,dumbbell,flexors,,isolation,https://apilyfta.com/static/GymvisualPNG/63591101-Dumbbell-Standing-Wrist-Curl_Forearms_small.png
2172,Side Wrist Pull Stretch,duration_based,forearms,body weight,flexors|extensors,,isolation,https://apilyfta.com/static/GymvisualPNG/07211101-Side-Wrist-Pull-Stretch_Forearms_small.png
5440,Weighted + Seated Reverse Wrist Curl,bilateral_simultaneous,forearms,weighted,extensors,,isolation,https://apilyfta.com/static/GymvisualPNG/42321101-Weighted-Seated-Reverse-Wrist-Curl_Forearms_small.png
1561,Barbell + Standing Reverse Grip Curl,bilateral_simultaneous,forearms,barbell,extensors,brachialis|biceps brachii,isolation,https://apilyfta.com/static/GymvisualPNG/01101101-Barbell-Standing-Reverse-Grip-Curl_Forearms_small.png
1576,Barbell + Wrist Curl,bilateral_simultaneous,forearms,barbell,flexors,,isolation,https://apilyfta.com/static/GymvisualPNG/01251101-Barbell-Wrist-Curl-II_Forearms_small.png
28018,Cable + Standing Back Wrist Curl,bilateral_simultaneous,forearms,cable,extensors,,isolation,https://apilyfta.com/static/GymvisualPNG/63671101-Cable-Standing-Back-Wrist-Curl_Forearms_small.png
1902,Barbell + Ez Reverse Grip Curl,bilateral_simultaneous,forearms,barbell,brachialis|brachioradialis,biceps brachii,isolation,https://apilyfta.com/static/GymvisualPNG/04511101-EZ-Barbell-Reverse-Grip-Curl_Forearms_small.png
1531,Barbell + Reverse Curl,bilateral_simultaneous,forearms,barbell,brachialis|brachioradialis,biceps brachii,isolation,https://apilyfta.com/static/GymvisualPNG/00801101-Barbell-Reverse-Curl_Forearm_small.png
166,Dumbbell + Reverse Preacher Curl,bilateral_simultaneous,forearms,dumbbell,extensors,brachialis|biceps brachii,isolation,https://apilyfta.com/static/GymvisualPNG/03841101-Dumbbell-Reverse-Preacher-Curl_Forearms_small.png
47333,Weighted + Standing Switching Palm Squeezes,bilateral_simultaneous,forearms,body weight,flexors,,isolation,https://apilyfta.com/static/GymvisualPNG/65821201-Standing-Switching-Palm-Squeezes-(male)_Forearms__GREEN.png
1530,Barbell + Revers Wrist Curl,bilateral_simultaneous,forearms,barbell,extensors,,isolation,https://apilyfta.com/static/GymvisualPNG/00791101-Barbell-Revers-Wrist-Curl-II_Forearms_small.png
1555,Barbell + Standing Back Wrist Curl,bilateral_simultaneous,forearms,barbell,extensors,,isolation,https://apilyfta.com/static/GymvisualPNG/01041101-Barbell-Standing-Back-Wrist-Curl_Forearms_small.png
1833,Dumbbell + Revers Grip Biceps Curl,bilateral_simultaneous,forearms,dumbbell,brachialis|brachioradialis,biceps brachii,isolation,https://apilyfta.com/static/GymvisualPNG/03821101-Dumbbell-Revers-grip-Biceps-Curl_Forearms_small.png
1532,Barbell + Reverse Preacher Curl,bilateral_simultaneous,forearms|biceps,barbell,extensors|biceps brachii,brachialis,isolation,https://apilyfta.com/static/GymvisualPNG/00811101-Barbell-Reverse-Preacher-Curl_Forearm_small.png
1567,Barbell + Straight Leg Deadlift,bilateral_simultaneous,hamstring,barbell,hamstrings,gluteus maximus|erector spinae,compound,https://apilyfta.com/static/GymvisualPNG/01161101-Barbell-Straight-Leg-Deadlift_Thighs-AFIX_small.png
2920,Leverage Machine + Lever Seated One Leg Curl,bilateral_simultaneous,hamstring,leverage machine,biceps femoris|semitendinosus|semimembranosus,,isolation,https://apilyfta.com/static/GymvisualPNG/15861101-Lever-Seated-One-Leg-Curl_Thighs_small.png
5490,Dumbbell + Lying Hamstring Curl,unilateral_simultaneous,hamstring,dumbbell,biceps femoris|semitendinosus|semimembranosus,,isolation,https://apilyfta.com/static/GymvisualPNG/42921301-Dumbbell-Lying-Hamstring-Curl_Thighs_720_small.png
2883,Barbell + Stiff Legged Deadlift,bilateral_simultaneous,hamstring,barbell,hamstrings,gluteus maximus|erector spinae,compound,https://apilyfta.com/static/GymvisualPNG/15431101-Barbell-Stiff-Legged-Deadlift_Hips_small.png
1790,Dumbbell + Lying Femoral,unilateral_simultaneous,hamstring,dumbbell,biceps femoris|semitendinosus|semimembranosus,,isolation,https://apilyfta.com/static/GymvisualPNG/03391101-Dumbbell-Lying-Femoral_Thighs_small.png
210,Weighted + Lever Kneeling Leg Curl,bilateral_simultaneous,hamstring,body weight,biceps femoris|semitendinosus|semimembranosus,,isolation,https://apilyfta.com/static/GymvisualPNG/05821101-Lever-Kneeling-Leg-Curl-(plate-loaded)_Thighs_small.png
222,Leverage Machine + Lever Seated Leg Curl,bilateral_simultaneous,hamstring,leverage machine,biceps femoris|semitendinosus|semimembranosus,,isolation,https://apilyfta.com/static/GymvisualPNG/05991101-Lever-Seated-Leg-Curl_Thighs-FIX_small.png
2924,Weighted + Lever Lying Single Leg Curl,bilateral_simultaneous,hamstring,body weight,biceps femoris|semitendinosus|semimembranosus,,isolation,https://apilyfta.com/static/GymvisualPNG/15901101-Lever-Lying-Single-Leg-Curl_Thighs_small.png
1566,Barbell + Stiff Leg Good Morning,bilateral_simultaneous,hamstring,barbell,hamstrings,gluteus maximus|erector spinae,compound,https://apilyfta.com/static/GymvisualPNG/01151101-Barbell-Stiff-Leg-Good-Morning_Waist_small.png
2000,Kettlebell + Swing,bilateral_simultaneous,hamstring,kettlebell,gluteus maximus,hamstrings|erector spinae,compound,https://apilyfta.com/static/GymvisualPNG/05491101-Kettlebell-Swing_Kettlebell_small.png
4675,Dumbbell + Swing,unilateral_simultaneous,hamstring,dumbbell,gluteus maximus,hamstrings|erector spinae,compound,https://apilyfta.com/static/GymvisualPNG/34451101-Dumbbell-Swing-(female)_Hips_small.png
4432,Weighted + Lever Lying Two-One Leg Curl,bilateral_simultaneous,hamstring,body weight,biceps femoris|semitendinosus|semimembranosus,,isolation,https://apilyfta.com/static/GymvisualPNG/31951101-Lever-Lying-Two-One-Leg-Curl_Thighs_small.png
213,Weighted + Lever Lying Leg Curl,bilateral_simultaneous,hamstring,body weight,biceps femoris|semitendinosus|semimembranosus,,isolation,https://apilyfta.com/static/GymvisualPNG/05861101-Lever-Lying-Leg-Curl_Thighs_small.png
1495,Barbell + Good Morning,bilateral_simultaneous,hamstring,barbell,hamstrings,gluteus maximus|erector spinae,compound,https://apilyfta.com/static/GymvisualPNG/00441101-Barbell-Good-Morning_Thighs-AFIX_small.png
258,Smith Machine + Smith Squat,bilateral_simultaneous,hips,smith machine,gluteus maximus,quadriceps|hamstrings,compound,https://apilyfta.com/static/GymvisualPNG/07701101-Smith-Squat_Hips_small.png
1536,Barbell + Romanian Deadlift,bilateral_simultaneous,hips,barbell,gluteus maximus,hamstrings|erector spinae,compound,https://apilyfta.com/static/GymvisualPNG/00851101-Barbell-Romanian-Deadlift_Hips_small.png
1882,Dumbbell + Step-Up,unilateral_alternating,hips,dumbbell,gluteus maximus,quadriceps|hamstrings,compound,https://apilyfta.com/static/GymvisualPNG/04311101-Dumbbell-Step-up_Hips_small.png
50,Barbell + Sumo Deadlift,bilateral_simultaneous,hips,barbell,gluteus maximus,hamstrings|quadriceps|adductors,compound,https://apilyfta.com/static/GymvisualPNG/01171101-Barbell-Sumo-Deadlift_Hips_small.png
392,Smith Machine + Smith Stiff Legged Deadlift,bilateral_simultaneous,hips,smith machine,gluteus maximus,hamstrings|erector spinae,compound,https://apilyfta.com/static/GymvisualPNG/15971101-Smith-Stiff-Legged-Deadlift_Hips_small.png
2884,Barbell + Wide Stance Stiff Leg Deadlift,bilateral_simultaneous,hips,barbell,gluteus maximus,hamstrings|erector spinae|adductors,compound,https://apilyfta.com/static/GymvisualPNG/15441101-Barbell-Wide-Stance-Stiff-Leg-Deadlift_Hips_small.png
2872,Barbell + Romanian Deadlift From Deficit,bilateral_simultaneous,hips,barbell,gluteus maximus,hamstrings|erector spinae,compound,https://apilyfta.com/static/GymvisualPNG/15321101-Barbell-Romanian-Deadlift-From-Deficit_Thighs_small.png
2860,Smith Machine + Smith Good Morning Off Pins,bilateral_simultaneous,hips,smith machine,gluteus maximus,hamstrings|erector spinae,compound,https://apilyfta.com/static/GymvisualPNG/15191101-Smith-Good-Morning-Off-Pins_Hips_small.png
27,Barbell + Lying Lifting,bilateral_simultaneous,hips,barbell,gluteus maximus,hamstrings,compound,https://apilyfta.com/static/GymvisualPNG/00581101-Barbell-Lying-Lifting-(on-hip)_Hips_small.png
2206,Smith Machine + Smith Hack Squat,bilateral_simultaneous,hips,smith machine,quadriceps,gluteus maximus|hamstrings,compound,https://apilyfta.com/static/GymvisualPNG/07551101-Smith-Hack-Squat_Hips_small.png
4960,Barbell + Sumo Romanian Deadlift,bilateral_simultaneous,hips,barbell,gluteus maximus,hamstrings|erector spinae|adductors,compound,https://apilyfta.com/static/GymvisualPNG/37311101-Barbell-Sumo-Romanian-Deadlift_Hips_small.png
2906,Kettlebell + One Legged Deadlift,bilateral_simultaneous,hips,kettlebell,gluteus maximus,hamstrings|erector spinae,compound,https://apilyfta.com/static/GymvisualPNG/15691101-Kettlebell-One-Legged-Deadlift_Hips_small.png
1578,Barbell + Zercher Squat,bilateral_simultaneous,hips,barbell,quadriceps,gluteus maximus|hamstrings|core,compound,https://apilyfta.com/static/GymvisualPNG/01271101-Barbell-Zercher-Squat_Hips_small.png
5382,Barbell + Banded Romanian Deadlift,bilateral_simultaneous,hips,barbell,gluteus maximus,hamstrings|erector spinae,compound,https://apilyfta.com/static/GymvisualPNG/41731101-Barbell-Banded-Romanian-Deadlift_Hips_small.png
1550,Barbell + Single Leg Split Squat,bilateral_simultaneous,hips,barbell,quadriceps,gluteus maximus|hamstrings,compound,https://apilyfta.com/static/GymvisualPNG/00991101-Barbell-Single-Leg-Split-Squat_Hips_small.png
292,Barbell + Hip Thrust,bilateral_simultaneous,hips,barbell,gluteus maximus,hamstrings,compound,https://apilyfta.com/static/GymvisualPNG/10601101-Barbell-Hip-Thrust_Hips_small.png
1483,Barbell + Deadlift,bilateral_simultaneous,hips,barbell,gluteus maximus,hamstrings|quadriceps|erector spinae,compound,https://apilyfta.com/static/GymvisualPNG/00321101-Barbell-Deadlift_Hips-FIX2_small.png
7,Barbell + Deadlift,bilateral_simultaneous,hips,barbell,gluteus maximus,hamstrings|quadriceps|erector spinae,compound,https://apilyfta.com/static/GymvisualPNG/00321101-Barbell-Deadlift_Hips-FIX_small.png
46723,Smith Machine + Smith Sumo Deadlift,bilateral_simultaneous,hips,smith machine,gluteus maximus,hamstrings|quadriceps|adductors,compound,https://apilyfta.com/static/GymvisualPNG/73741201-Smith-Sumo-Deadlift_Hips_GREEN.png
5323,Weighted + Landmine Romanian Deadlift,bilateral_simultaneous,hips,barbell,gluteus maximus,hamstrings|erector spinae,compound,https://apilyfta.com/static/GymvisualPNG/41131101-Landmine-Romanian-Deadlift-(male)_Hips_small.png
1525,Barbell + Rack Pull,bilateral_simultaneous,hips,barbell,gluteus maximus,hamstrings|quadriceps|erector spinae,compound,https://apilyfta.com/static/GymvisualPNG/00741101-Barbell-Rack-Pull_Hips-FIX_small.png
27324,Barbell + Box Squat,bilateral_simultaneous,hips,barbell,gluteus maximus,quadriceps|hamstrings,compound,https://apilyfta.com/static/GymvisualPNG/49621101-Barbell-Box-Squat_Hips_small.png
5217,Smith Machine + Smith Sumo Squat,bilateral_simultaneous,hips,smith machine,gluteus maximus,quadriceps|hamstrings,compound,https://apilyfta.com/static/GymvisualPNG/40051101-Smith-Sumo-Squat-(female)_Hips_small.png
4569,Dumbbell + Single Stiff Leg Deadlift,unilateral_alternating,hips,dumbbell,gluteus maximus,hamstrings|erector spinae,compound,https://apilyfta.com/static/GymvisualPNG/33381101-Dumbbell-Single-Stiff-Leg-Deadlift_Hips-FIX_small.png
2200,Smith Machine + Smith Bent Knee Good Morning,bilateral_simultaneous,hips,smith machine,gluteus maximus,hamstrings|erector spinae,compound,https://apilyfta.com/static/GymvisualPNG/07491101-Smith-Bent-Knee-Good-morning_Hips_small.png
5343,Kettlebell + Suitcase Deadlift,bilateral_simultaneous,hips,kettlebell,gluteus maximus,hamstrings|quadriceps|erector spinae,compound,https://apilyfta.com/static/GymvisualPNG/41331101-Kettlebell-Suitcase-Deadlift-(male)_Hips_small.png
2492,Barbell + One Leg Hip Thrust,bilateral_simultaneous,hips,barbell,gluteus maximus,hamstrings,compound,https://apilyfta.com/static/GymvisualPNG/10611101-Barbell-one-leg-hip-thrust_Hips_small.png
3462,Dumbbell + Romanian Deadlift,bilateral_simultaneous,hips,dumbbell,gluteus maximus,hamstrings|erector spinae,compound,https://apilyfta.com/static/GymvisualPNG/22221101-Dumbbell-Romanian-Deadlift-(female)_Hips_small.png
1497,Barbell + Hack Squat,bilateral_simultaneous,hips,barbell,quadriceps,gluteus maximus|hamstrings,compound,https://apilyfta.com/static/GymvisualPNG/00461101-Barbell-Hack-Squat_Hips_small.png
1493,Barbell + Front Squat,bilateral_simultaneous,hips,barbell,quadriceps,gluteus maximus|hamstrings,compound,https://apilyfta.com/static/GymvisualPNG/00421101-Barbell-Front-Squat_Hips-FIX_small.png
1883,Dumbbell + Stiff Leg Deadlift,bilateral_simultaneous,hips,dumbbell,gluteus maximus,hamstrings|erector spinae,compound,https://apilyfta.com/static/GymvisualPNG/04321101-Dumbbell-Stiff-Leg-Deadlift_Waist_small.png
4962,Kettlebell + Straight Leg Deadlift,bilateral_simultaneous,hips,kettlebell,gluteus maximus,hamstrings|erector spinae,compound,https://apilyfta.com/static/GymvisualPNG/37331101-Kettlebell-Straight-leg-Deadlift_Hips_small.png
4045,Dumbbell + Sumo Pull Through,unilateral_simultaneous,hips,dumbbell,gluteus maximus,hamstrings|adductors,compound,https://apilyfta.com/static/GymvisualPNG/28071101-Dumbbell-Sumo-Pull-Through_Hips_small.png
27645,Barbell + Kas Glute Bridge (Female),bilateral_simultaneous,hips,barbell,gluteus maximus,hamstrings,compound,https://apilyfta.com/static/GymvisualPNG/54511101-Barbell-KAS-Glute-Bridge-(female)_Hips_small.png
4348,Smith Machine + Smith Hip Thrust,bilateral_simultaneous,hips,smith machine,gluteus maximus,hamstrings,compound,https://apilyfta.com/static/GymvisualPNG/31101101-Smith-Hip-Thrust_Hips_small.png
2772,Barbell + Glute Bridge,bilateral_simultaneous,hips,barbell,gluteus maximus,hamstrings,compound,https://apilyfta.com/static/GymvisualPNG/14091101-Barbell-Glute-Bridge_Hips_small.png
3456,Barbell + Hip Thrust,bilateral_simultaneous,hips,barbell,gluteus maximus,hamstrings,compound,https://apilyfta.com/static/GymvisualPNG/22161101-Barbell-Hip-Thrust-(female)_Hips_small.png
5601,Kettlebell + Kettlebells Sumo Deadlift,bilateral_simultaneous,hips,kettlebell,gluteus maximus,hamstrings|quadriceps,compound,https://apilyfta.com/static/GymvisualPNG/44031101-Kettlebells-Sumo-Deadlift_Hips_small.png
179,Dumbbell + Squat,bilateral_simultaneous,hips|quadriceps,dumbbell,quadriceps,gluteus maximus|hamstrings,compound,https://apilyfta.com/static/GymvisualPNG/04131101-Dumbbell-Squat_Hips_small.png
146,Dumbbell + Lunge,unilateral_alternating,hips|quadriceps,dumbbell,quadriceps,gluteus maximus|hamstrings,compound,https://apilyfta.com/static/GymvisualPNG/03361101-Dumbbell-Lunge_Hips_small.png
1477,Barbell + Bench Squat,bilateral_simultaneous,hips|quadriceps,barbell,quadriceps,gluteus maximus|hamstrings,compound,https://apilyfta.com/static/GymvisualPNG/00261101-Barbell-Bench-Squat_Hips_small.png
244,Smith Machine + Smith Deadlift,bilateral_simultaneous,hips|quadriceps,smith machine,gluteus maximus|hamstrings|erector spinaes,,compound,https://apilyfta.com/static/GymvisualPNG/07521101-Smith-Deadlift_Hips_small.png
1787,Dumbbell + Lunge,unilateral_alternating,hips|quadriceps,dumbbell,quadriceps,gluteus maximus|hamstrings,compound,https://apilyfta.com/static/GymvisualPNG/03361101-Dumbbell-Lunge_Hips-FIX_small.png
3522,Weighted + Lever Neck Left Side Flexion,bilateral_simultaneous,neck,weighted,sternocleidomastoids,splenii,isolation,https://apilyfta.com/static/GymvisualPNG/22831101-Lever-Neck-Left-Side-Flexion-(plate-loaded)_Neck_small.png
5430,Weighted + Tiger Tail Neck,bilateral_simultaneous,neck,weighted,sternocleidomastoids,splenii|trapeziuses,isolation,https://apilyfta.com/static/GymvisualPNG/42221101-Tiger-Tail-Neck_Neck_small.png
27570,Roll Neck Decompress Lying On Floor,duration_based,neck,body weight,sternocleidomastoids,splenii,isolation,https://apilyfta.com/static/GymvisualPNG/53721101-Roll-Neck-Decompress-Lying-on-Floor_Neck_small.png
4671,Weighted + Seated Flexion And Extension Neck,bilateral_simultaneous,neck,weighted,sternocleidomastoids,splenii,isolation,https://apilyfta.com/static/GymvisualPNG/34411101-Seated-Flexion-And-Extension-Neck-(male)_Neck_small.png
3118,Weighted + Rotating Neck Stretch,bilateral_simultaneous,neck,body weight,sternocleidomastoids,splenii,isolation,https://apilyfta.com/static/GymvisualPNG/18311101-Rotating-Neck-Stretch_Neck_small.png
287,Weighted + Lying Neck Extension,bilateral_simultaneous,neck,weighted,splenii,sternocleidomastoids|trapeziuses,isolation,https://apilyfta.com/static/GymvisualPNG/10421101-Weighted-Lying-Neck-Extension_neck_small.png
4387,Weighted + Chin Tuck,bilateral_simultaneous,neck,body weight,sternocleidomastoids,splenii,isolation,https://apilyfta.com/static/GymvisualPNG/31491101-Chin-Tuck_Neck_small.png
3647,Weighted + Lying Neck Flexion,bilateral_simultaneous,neck,weighted,sternocleidomastoids,splenii,isolation,https://apilyfta.com/static/GymvisualPNG/24091101-Weighted-Lying-Neck-Flexion-(with-head-harness)_Neck_small.png
3123,Forward Flexion Neck Stretch,duration_based,neck,body weight,sternocleidomastoids,splenii,isolation,https://apilyfta.com/static/GymvisualPNG/18361101-Forward-Flexion-Neck-Stretch_Neck_small.png
3521,Weighted + Lever Neck Extension,bilateral_simultaneous,neck,weighted,splenii,sternocleidomastoids|trapeziuses,isolation,https://apilyfta.com/static/GymvisualPNG/22821101-Lever-Neck-Extension-(plate-loaded)_Neck_small.png
5209,Weighted + Neck Circle Stretch,bilateral_simultaneous,neck,body weight,sternocleidomastoids,splenii|trapeziuses,isolation,https://apilyfta.com/static/GymvisualPNG/39941301-Neck-Circle-Stretch_Neck_720_small.png
27477,Seated Neck Stretch,duration_based,neck,body weight,sternocleidomastoids,splenii,isolation,https://apilyfta.com/static/GymvisualPNG/51621101-Seated-Neck-Stretch_Stretching_small.png
5625,Weighted + Lying Neck Side To Side,bilateral_simultaneous,neck,weighted,sternocleidomastoids,splenii,isolation,https://apilyfta.com/static/GymvisualPNG/44311101-Weighted-Lying-Neck-Side-to-Side_Neck_small.png
3650,Cable + Seated Neck Flexion,bilateral_simultaneous,neck,cable,sternocleidomastoids,splenii,isolation,https://apilyfta.com/static/GymvisualPNG/24121101-Cable-Seated-Neck-Flexion-(with-head-harness)_Neck_small.png
1913,Weighted + Front And Back Neck Stretch,bilateral_simultaneous,neck,body weight,sternocleidomastoids,splenii,isolation,https://apilyfta.com/static/GymvisualPNG/04621101-Front-and-Back-Neck-Stretch_Neck_small.png
46722,Standing Side Neck Stretch,duration_based,neck,body weight,sternocleidomastoids,splenii,isolation,https://apilyfta.com/static/GymvisualPNG/73061201-Standing-Side-Neck-Stretch-(female)_Neck_GREEN.png
3119,Diagonal Flexion Neck Stretch,duration_based,neck,body weight,sternocleidomastoids,splenii,isolation,https://apilyfta.com/static/GymvisualPNG/18321101-Diagonal-Flexion-Neck-Stretch_Neck_small.png
5624,Weighted + Side Lying Side Neck Raise,bilateral_simultaneous,neck,weighted,sternocleidomastoids,splenii,isolation,https://apilyfta.com/static/GymvisualPNG/44301101-Weighted-Side-Lying-Side-Neck-Raise_Neck_small.png
3646,Weighted + Lying Neck Extension,bilateral_simultaneous,neck,weighted,splenii,sternocleidomastoids|trapeziuses,isolation,https://apilyfta.com/static/GymvisualPNG/24081101-Weighted-Lying-Neck-Extension-(with-head-harness)_Neck_small.png
3120,Neck Extension Stretch,duration_based,neck,body weight,splenii,sternocleidomastoids,isolation,https://apilyfta.com/static/GymvisualPNG/18331101-Neck-Extension-Stretch_Neck_small.png
288,Weighted + Lying Neck Flexion,bilateral_simultaneous,neck,weighted,sternocleidomastoids,splenii,isolation,https://apilyfta.com/static/GymvisualPNG/10431101-Weighted-Lying-Neck-Flexion_neck_small.png
5487,Neck Side Stretch,duration_based,neck,body weight,sternocleidomastoids,splenii,isolation,https://apilyfta.com/static/GymvisualPNG/42891101-Neck-Side-Stretch-(female)_Neck_small.png
27402,Weighted + Prone Cervical Extension,bilateral_simultaneous,neck,body weight,splenii,sternocleidomastoids,isolation,https://apilyfta.com/static/GymvisualPNG/50601101-Prone-Cervical-Extension_Neck_small.png
3130,Weighted + Assisted Rotating Neck Stretch,bilateral_simultaneous,neck,body weight,sternocleidomastoids,splenii,isolation,https://apilyfta.com/static/GymvisualPNG/18431101-Assisted-Rotating-Neck-Stretch_Neck_small.png
3648,Weighted + Standing Neck Extension,bilateral_simultaneous,neck,weighted,splenii,sternocleidomastoids|trapeziuses,isolation,https://apilyfta.com/static/GymvisualPNG/24101101-Weighted-Standing-Neck-Extension-(with-head-harness)_Neck_small.png
3127,Weighted + Neck Flexor And Rotational Stretch,bilateral_simultaneous,neck,body weight,sternocleidomastoids,splenii,isolation,https://apilyfta.com/static/GymvisualPNG/18401101-Neck-Flexor-And-Rotational-Stretch_Neck_small.png
5623,Weighted + Lying Side Neck Raise,bilateral_simultaneous,neck,weighted,sternocleidomastoids,splenii,isolation,https://apilyfta.com/static/GymvisualPNG/44291101-Weighted-Lying-Side-Neck-Raise_Neck_small.png
3121,Neck Protraction Stretch,duration_based,neck,body weight,sternocleidomastoids,splenii,isolation,https://apilyfta.com/static/GymvisualPNG/18341101-Neck-Protraction-Stretch_Neck_small.png
47288,Weighted + 5 Sec Fist Against Chin,bilateral_simultaneous,neck,body weight,sternocleidomastoids,splenii,isolation,https://apilyfta.com/static/GymvisualPNG/64071201-5-Sec-Fist-Against-Chin-(male)_Neck__GREEN.png
3122,Sitting Neck Flexion Stretch,duration_based,neck,body weight,sternocleidomastoids,splenii,isolation,https://apilyfta.com/static/GymvisualPNG/18351101-Sitting-Neck-Flexion-Stretch_Neck_small.png
47256,Weighted + Chin Tuck Against The Wall,bilateral_simultaneous,neck,body weight,sternocleidomastoids,splenii,isolation,https://apilyfta.com/static/GymvisualPNG/63721201-Chin-Tuck-against-the-Wall-(male)_Neck__GREEN.png
27405,Weighted + Seated Chin Tuck,bilateral_simultaneous,neck,body weight,sternocleidomastoids,splenii,isolation,https://apilyfta.com/static/GymvisualPNG/50631101-Seated-Chin-Tuck_Neck_small.png
268,Weighted + Seated Neck Extension,bilateral_simultaneous,neck,weighted,splenii,sternocleidomastoids|trapeziuses,isolation,https://apilyfta.com/static/GymvisualPNG/08481101-Weighted-Seated-Neck-Extension-(with-head-harness)_Neck_small.png
27404,Weighted + Lying Chin Tucks,bilateral_simultaneous,neck,body weight,sternocleidomastoids,splenii,isolation,https://apilyfta.com/static/GymvisualPNG/50621101-Lying-Chin-Tucks_Neck_small.png
3128,Lying Neck Extensor Stretch,duration_based,neck,body weight,splenii,sternocleidomastoids,isolation,https://apilyfta.com/static/GymvisualPNG/18411101-Lying-Neck-Extensor-Stretch_Neck_small.png
3131,Weighted + Extension And Inclination Neck Stretch,bilateral_simultaneous,neck,body weight,sternocleidomastoids,splenii,isolation,https://apilyfta.com/static/GymvisualPNG/18441101-Extension-And-Inclination-Neck-Stretch_Neck_small.png
257,Smith Machine + Smith Sprint Lunge,bilateral_simultaneous,quadriceps,smith machine,vastus laterali|vastus medialis|vastus intermedius|rectus femoris,gluteus maximus|biceps femoris|semitendinosus|semimembranosus,compound,https://apilyfta.com/static/GymvisualPNG/07691101-Smith-Split-Squat_Thighs-FIX_small.png
2494,Barbell + Sumo Squat,bilateral_simultaneous,quadriceps,barbell,vastus laterali|vastus medialis|vastus intermedius|rectus femoris,gluteus maximus|biceps femoris|semitendinosus|semimembranosus|gluteus medius|gluteus minimus,compound,https://apilyfta.com/static/GymvisualPNG/10631101-Barbell-sumo-squat_Thighs-AFIX_small.png
1529,Barbell + Rear Lunge,bilateral_simultaneous,quadriceps,barbell,vastus laterali|vastus medialis|vastus intermedius|rectus femoris,gluteus maximus|biceps femoris|semitendinosus|semimembranosus,compound,https://apilyfta.com/static/GymvisualPNG/00781101-Barbell-Rear-Lunge-(without-weight)_Thighs_small.png
4228,Barbell + Walk Calves Activation,bilateral_simultaneous,quadriceps,barbell,gastrocnemius,vastus laterali|vastus medialis|vastus intermedius|rectus femoris,compound,https://apilyfta.com/static/GymvisualPNG/29901101-Barbell-Walk-Calves-Activation_Thighs_small.png
18,Barbell + Full Squat,bilateral_simultaneous,quadriceps,barbell,vastus laterali|vastus medialis|vastus intermedius|rectus femoris,gluteus maximus|biceps femoris|semitendinosus|semimembranosus,compound,https://apilyfta.com/static/GymvisualPNG/00431101-Barbell-Full-Squat_Thighs_small.png
4871,Weighted + Kneeling Step With Swing,bilateral_simultaneous,quadriceps,weighted,vastus laterali|vastus medialis|vastus intermedius|rectus femoris,gluteus maximus|biceps femoris|semitendinosus|semimembranosus,compound,https://apilyfta.com/static/GymvisualPNG/36411101-Weighted-Kneeling-Step-with-Swing_Thighs_small.png
2908,Weighted + Lever One Leg Extension,bilateral_simultaneous,quadriceps,leverage machine,vastus laterali|vastus medialis|vastus intermedius|rectus femoris,,isolation,https://apilyfta.com/static/GymvisualPNG/15711101-Lever-One-Leg-Extension_Thighs_small.png
242,Smith Machine + Smith Chair Squat,bilateral_simultaneous,quadriceps,smith machine,vastus laterali|vastus medialis|vastus intermedius|rectus femoris,gluteus maximus|biceps femoris|semitendinosus|semimembranosus,compound,https://apilyfta.com/static/GymvisualPNG/07501101-Smith-Chair-Squat_Thighs_small.png
1822,Dumbbell + Plyo Squat,unilateral_simultaneous,quadriceps,dumbbell,vastus laterali|vastus medialis|vastus intermedius|rectus femoris,gluteus maximus|biceps femoris|semitendinosus|semimembranosus|gastrocnemius,compound,https://apilyfta.com/static/GymvisualPNG/03711101-Dumbbell-Plyo-Squat_thighs_small.png
31,Barbell + Rear Lunge,bilateral_simultaneous,quadriceps,barbell,vastus laterali|vastus medialis|vastus intermedius|rectus femoris,gluteus maximus|biceps femoris|semitendinosus|semimembranosus,compound,https://apilyfta.com/static/GymvisualPNG/00781101-Barbell-Rear-Lunge_Thighs_small.png
365,Barbell + Low Bar Squat,bilateral_simultaneous,quadriceps,barbell,vastus laterali|vastus medialis|vastus intermedius|rectus femoris,gluteus maximus|biceps femoris|semitendinosus|semimembranosus,compound,https://apilyfta.com/static/GymvisualPNG/14351101-Barbell-Low-Bar-Squat_Thighs_small.png
236,Sled Machine + Sled 45° Leg Wide Press,bilateral_simultaneous,quadriceps,sled machine,vastus laterali|vastus medialis|vastus intermedius|rectus femoris,gluteus maximus|biceps femoris|semitendinosus|semimembranosus,compound,https://apilyfta.com/static/GymvisualPNG/07401101-Sled-45-Leg-Wide-Press_Thighs_small.png
28,Barbell + One Leg Squat,bilateral_simultaneous,quadriceps,barbell,vastus laterali|vastus medialis|vastus intermedius|rectus femoris,gluteus maximus|biceps femoris|semitendinosus|semimembranosus,compound,https://apilyfta.com/static/GymvisualPNG/00681101-Barbell-One-Leg-Squat_thighs_small.png
4616,Leverage Machine + Lever Seated Leg Extension,bilateral_simultaneous,quadriceps,leverage machine,vastus laterali|vastus medialis|vastus intermedius|rectus femoris,,isolation,https://apilyfta.com/static/GymvisualPNG/33861101-Lever-Seated-Leg-Extension-(VERSION-2)_Thighs_small.png
1549,Barbell + Side Split Squat,bilateral_simultaneous,quadriceps,barbell,vastus laterali|vastus medialis|vastus intermedius|rectus femoris,gluteus maximus|biceps femoris|semitendinosus|semimembranosus|gluteus medius|gluteus minimus,compound,https://apilyfta.com/static/GymvisualPNG/00981101-Barbell-Side-Split-Squat_Thighs_small.png
4205,Dumbbell + Front Squat,bilateral_simultaneous,quadriceps,dumbbell,vastus laterali|vastus medialis|vastus intermedius|rectus femoris,gluteus maximus|biceps femoris|semitendinosus|semimembranosus,compound,https://apilyfta.com/static/GymvisualPNG/29671101-Dumbbell-Front-Squat-(female)_Thighs_small.png
1480,Barbell + Clean-Grip Front Squat,bilateral_simultaneous,quadriceps,barbell,vastus laterali|vastus medialis|vastus intermedius|rectus femoris,gluteus maximus|biceps femoris|semitendinosus|semimembranosus,compound,https://apilyfta.com/static/GymvisualPNG/00291101-Barbell-Clean-grip-Front-Squat_Thighs_small.png
206,Weighted + Lever Deadlift,bilateral_simultaneous,quadriceps,leverage machine,vastus laterali|vastus medialis|vastus intermedius|rectus femoris,gluteus maximus|biceps femoris|semitendinosus|semimembranosus|erector spinaes,compound,https://apilyfta.com/static/GymvisualPNG/05781101-Lever-Deadlift-(plate-loaded)_Thighs_small.png
4823,Barbell + Squat,bilateral_simultaneous,quadriceps,barbell,vastus laterali|vastus medialis|vastus intermedius|rectus femoris,gluteus maximus|biceps femoris|semitendinosus|semimembranosus,compound,https://apilyfta.com/static/GymvisualPNG/35931101-Barbell-Squat-(female)_Thighs_small.png
382,Barbell + Full Zercher Squat,bilateral_simultaneous,quadriceps,barbell,vastus laterali|vastus medialis|vastus intermedius|rectus femoris,gluteus maximus|biceps femoris|semitendinosus|semimembranosus|rectus abdominis|transverse abdominis|external obliques|internal obliques,compound,https://apilyfta.com/static/GymvisualPNG/15451101-Barbell-full-Zercher-Squat_Thighs_small.png
1494,Barbell + Full Squat,bilateral_simultaneous,quadriceps,barbell,vastus laterali|vastus medialis|vastus intermedius|rectus femoris,gluteus maximus|biceps femoris|semitendinosus|semimembranosus,compound,https://apilyfta.com/static/GymvisualPNG/00431101-Barbell-Full-Squat-(without-weight)_Thighs_small.png
28226,Leverage Machine + Lever Leg Extension (Inward Toes) (Male),bilateral_simultaneous,quadriceps,leverage machine,vastus laterali|vastus medialis|vastus intermedius|rectus femoris,,isolation,https://apilyfta.com/static/GymvisualPNG/73271101-Lever-Leg-Extension-(Inward-Toes)-(male)_Thighs_small.png
212,Leverage Machine + Lever Leg Extension,bilateral_simultaneous,quadriceps,leverage machine,vastus laterali|vastus medialis|vastus intermedius|rectus femoris,,isolation,https://apilyfta.com/static/GymvisualPNG/05851101-Lever-Leg-Extension_Thighs_small.png
4921,Dumbbell + Goblet Split Squat,unilateral_simultaneous,quadriceps,dumbbell,vastus laterali|vastus medialis|vastus intermedius|rectus femoris,gluteus maximus|biceps femoris|semitendinosus|semimembranosus,compound,https://apilyfta.com/static/GymvisualPNG/36911101-Dumbbell-Goblet-Split-Squat_Thighs_small.png
4849,Leverage Machine + Smith Leg Press,bilateral_simultaneous,quadriceps,smith machine,vastus laterali|vastus medialis|vastus intermedius|rectus femoris,gluteus maximus|biceps femoris|semitendinosus|semimembranosus,compound,https://apilyfta.com/static/GymvisualPNG/36191101-Smith-Leg-Press-(female)_Thighs_small.png
2602,Dumbbell + Forward Leaning Lunge,unilateral_alternating,quadriceps,dumbbell,vastus laterali|vastus medialis|vastus intermedius|rectus femoris,gluteus maximus|biceps femoris|semitendinosus|semimembranosus,compound,https://apilyfta.com/static/GymvisualPNG/11751101-Dumbbell-forward-leaning-lunge_Thighs_small.png
3520,Dumbbell + Goblet Squat,unilateral_simultaneous,quadriceps,dumbbell,vastus laterali|vastus medialis|vastus intermedius|rectus femoris,gluteus maximus|biceps femoris|semitendinosus|semimembranosus,compound,https://apilyfta.com/static/GymvisualPNG/22811101-Dumbbell-Goblet-Squat-(female)_Thighs_small.png
366,Barbell + High Bar Squat,bilateral_simultaneous,quadriceps,barbell,vastus laterali|vastus medialis|vastus intermedius|rectus femoris,gluteus maximus|biceps femoris|semitendinosus|semimembranosus,compound,https://apilyfta.com/static/GymvisualPNG/14361101-Barbell-High-Bar-Squat_Thighs_small.png
4872,Weighted + Stretch Lunge,bilateral_simultaneous,quadriceps,weighted,vastus laterali|vastus medialis|vastus intermedius|rectus femoris,gluteus maximus|biceps femoris|semitendinosus|semimembranosus,compound,https://apilyfta.com/static/GymvisualPNG/36421101-Weighted-Stretch-Lunge_Thighs_small.png
1746,Dumbbell + Clean,bilateral_simultaneous,quadriceps,dumbbell,vastus laterali|vastus medialis|vastus intermedius|rectus femoris,gluteus maximus|biceps femoris|semitendinosus|semimembranosus|front deltoids|trapeziuses,compound,https://apilyfta.com/static/GymvisualPNG/02951101-Dumbbell-Clean_Thighs-FIX2_small.png
4678,Dumbbell + Side Lunge,unilateral_alternating,quadriceps,dumbbell,vastus laterali|vastus medialis|vastus intermedius|rectus femoris,gluteus maximus|biceps femoris|semitendinosus|semimembranosus,compound,https://apilyfta.com/static/GymvisualPNG/34481101-Dumbbell-Side-Lunge-(VERSION-3)_small.png
14,Barbell + Front Chest Squat,bilateral_simultaneous,quadriceps,barbell,vastus laterali|vastus medialis|vastus intermedius|rectus femoris,gluteus maximus|biceps femoris|semitendinosus|semimembranosus,compound,https://apilyfta.com/static/GymvisualPNG/00391101-Barbell-Front-Chest-Squat_Thighs_small.png
3529,Dumbbell + Bulgarian Split Squat,unilateral_alternating,quadriceps,dumbbell,vastus laterali|vastus medialis|vastus intermedius|rectus femoris,gluteus maximus|biceps femoris|semitendinosus|semimembranosus,compound,https://apilyfta.com/static/GymvisualPNG/22901101-Dumbbell-Bulgarian-Split-Squat-(female)_Thighs_small.png
2798,Barbell + Zercher Squat Hold Isometric,bilateral_simultaneous,quadriceps,barbell,vastus laterali|vastus medialis|vastus intermedius|rectus femoris,gluteus maximus|biceps femoris|semitendinosus|semimembranosus|rectus abdominis|transverse abdominis|external obliques|internal obliques,compound,https://apilyfta.com/static/GymvisualPNG/14461101-Barbell-Zercher-Squat-Hold_Isometric_small.png
3560,Dumbbell + Sumo Squat,unilateral_simultaneous,quadriceps,dumbbell,vastus laterali|vastus medialis|vastus intermedius|rectus femoris,gluteus maximus|biceps femoris|semitendinosus|semimembranosus|gluteus medius|gluteus minimus,compound,https://apilyfta.com/static/GymvisualPNG/23221101-Dumbbell-Sumo-Squat-(female)_Thighs-FIX_small.png
1742,Dumbbell + Bench Squat,bilateral_simultaneous,quadriceps,dumbbell,vastus laterali|vastus medialis|vastus intermedius|rectus femoris,gluteus maximus|biceps femoris|semitendinosus|semimembranosus,compound,https://apilyfta.com/static/GymvisualPNG/02911101-Dumbbell-Bench-Squat_thighs_small.png
2807,Leverage Machine + Sled 45° Leg Press,bilateral_simultaneous,quadriceps,sled machine,vastus laterali|vastus medialis|vastus intermedius|rectus femoris,gluteus maximus|biceps femoris|semitendinosus|semimembranosus,compound,https://apilyfta.com/static/GymvisualPNG/14631101-Sled-45-Leg-Press-(Side-POV)_Hips_small.png
178,Dumbbell + Single Leg Split Squat,unilateral_alternating,quadriceps,dumbbell,vastus laterali|vastus medialis|vastus intermedius|rectus femoris,gluteus maximus|biceps femoris|semitendinosus|semimembranosus,compound,https://apilyfta.com/static/GymvisualPNG/04101101-Dumbbell-Single-Leg-Split-Squat_Thighs_small.png
28182,Leverage Machine + Lever Seated Leg Extension (Version 2),bilateral_simultaneous,quadriceps,leverage machine,vastus laterali|vastus medialis|vastus intermedius|rectus femoris,,isolation,https://apilyfta.com/static/GymvisualPNG/71081101-Lever-Seated-Leg-Extension-(VERSION-2)_Thighs_small.png
1502,Barbell + Jefferson Squat,bilateral_simultaneous,quadriceps,barbell,vastus laterali|vastus medialis|vastus intermedius|rectus femoris,gluteus maximus|biceps femoris|semitendinosus|semimembranosus,compound,https://apilyfta.com/static/GymvisualPNG/00511101-Barbell-Jefferson-Squat_Thighs-FIX_small.png
4512,Smith Machine + Smith Full Squat,bilateral_simultaneous,quadriceps,smith machine,vastus laterali|vastus medialis|vastus intermedius|rectus femoris,gluteus maximus|biceps femoris|semitendinosus|semimembranosus,compound,https://apilyfta.com/static/GymvisualPNG/32811101-Smith-Full-Squat_Thighs_small.png
5338,Weighted + Counterbalanced Squat,bilateral_simultaneous,quadriceps,weighted,vastus laterali|vastus medialis|vastus intermedius|rectus femoris,gluteus maximus|biceps femoris|semitendinosus|semimembranosus,compound,https://apilyfta.com/static/GymvisualPNG/41281101-Weighted-Counterbalanced-Squat-(male)_Thighs_small.png
4163,Dumbbell + Single Leg Step Up,unilateral_alternating,quadriceps,dumbbell,vastus laterali|vastus medialis|vastus intermedius|rectus femoris,gluteus maximus|biceps femoris|semitendinosus|semimembranosus,compound,https://apilyfta.com/static/GymvisualPNG/29251101-Dumbbell-Single-Leg-Step-Up_Thighs_small.png
3622,Sled Machine + Sled Hack Squat,bilateral_simultaneous,quadriceps,sled machine,vastus laterali|vastus medialis|vastus intermedius|rectus femoris,gluteus maximus|biceps femoris|semitendinosus|semimembranosus,compound,https://apilyfta.com/static/GymvisualPNG/23841101-Sled-Hack-Squat-(female)_Thighs_small.png
4847,Leverage Machine + Sled 45 Degrees Wide Stance Leg Press,bilateral_simultaneous,quadriceps,sled machine,vastus laterali|vastus medialis|vastus intermedius|rectus femoris,gluteus maximus|biceps femoris|semitendinosus|semimembranosus,compound,https://apilyfta.com/static/GymvisualPNG/36171101-Sled-45-degrees-Wide-Stance-Leg-Press-(female)_Thighs_small.png
4873,Weighted + Cossack Squats,bilateral_simultaneous,quadriceps,weighted,vastus laterali|vastus medialis|vastus intermedius|rectus femoris,gluteus maximus|biceps femoris|semitendinosus|semimembranosus|gluteus medius|gluteus minimus,compound,https://apilyfta.com/static/GymvisualPNG/36431101-Weighted-Cossack-Squats-(male)_Thighs_small.png
3507,Leverage Machine + Lever Seated Leg Press,bilateral_simultaneous,quadriceps,sled machine,vastus laterali|vastus medialis|vastus intermedius|rectus femoris,gluteus maximus|biceps femoris|semitendinosus|semimembranosus,compound,https://apilyfta.com/static/GymvisualPNG/22671101-Lever-Seated-Leg-Press_Thighs_small.png
4760,Barbell + Banded Squat,bilateral_simultaneous,quadriceps,barbell,vastus laterali|vastus medialis|vastus intermedius|rectus femoris,gluteus maximus|biceps femoris|semitendinosus|semimembranosus,compound,https://apilyfta.com/static/GymvisualPNG/35301101-Barbell-Banded-Squat_Thighs_small.png
3717,Barbell + Lunge,bilateral_simultaneous,quadriceps,barbell,vastus laterali|vastus medialis|vastus intermedius|rectus femoris,gluteus maximus|biceps femoris|semitendinosus|semimembranosus,compound,https://apilyfta.com/static/GymvisualPNG/24781101-Barbell-Lunge-(female)_Thighs_small.png
363,Smith Machine + Smith Front Squat,bilateral_simultaneous,quadriceps,smith machine,vastus laterali|vastus medialis|vastus intermedius|rectus femoris,gluteus maximus|biceps femoris|semitendinosus|semimembranosus,compound,https://apilyfta.com/static/GymvisualPNG/14331101-Smith-Front-Squat-(Clean-Grip)_Thighs_small.png
4050,Dumbbell + Step-Up Split Squat,unilateral_alternating,quadriceps,dumbbell,vastus laterali|vastus medialis|vastus intermedius|rectus femoris,gluteus maximus|biceps femoris|semitendinosus|semimembranosus,compound,https://apilyfta.com/static/GymvisualPNG/28121101-Dumbbell-Step-up-Split-Squat_Thighs_small.png
4937,Dumbbell + Press Squat,unilateral_simultaneous,quadriceps,dumbbell,vastus laterali|vastus medialis|vastus intermedius|rectus femoris,gluteus maximus|biceps femoris|semitendinosus|semimembranosus|front deltoids,compound,https://apilyfta.com/static/GymvisualPNG/37071101-Dumbbell-Press-Squat_Thighs_Chest_small.png
4957,Barbell + Front Step Up,bilateral_simultaneous,quadriceps,barbell,vastus laterali|vastus medialis|vastus intermedius|rectus femoris,gluteus maximus|biceps femoris|semitendinosus|semimembranosus,compound,https://apilyfta.com/static/GymvisualPNG/37281101-Barbell-Front-Step-Up_Thighs_small.png
4913,Dumbbell + Gobelt Curtsey Lunge,unilateral_alternating,quadriceps,dumbbell,vastus laterali|vastus medialis|vastus intermedius|rectus femoris,gluteus maximus|biceps femoris|semitendinosus|semimembranosus|gluteus medius|gluteus minimus,compound,https://apilyfta.com/static/GymvisualPNG/36831101-Dumbbell-Gobelt-Curtsey-Lunge_Thighs_small.png
1492,Barbell + Front Raise,bilateral_simultaneous,shoulders,barbell,front deltoids,side deltoids,isolation,https://apilyfta.com/static/GymvisualPNG/00411101-Barbell-Front-Raise_Shoulders_small.png
253,Smith Machine + Smith Seated Shoulder Press,bilateral_simultaneous,shoulders,smith machine,front deltoids,side deltoids|triceps longus|triceps lateralis|triceps medialis,compound,https://apilyfta.com/static/GymvisualPNG/07651101-Smith-Seated-Shoulder-Press_Shoulders_small.png
2239,Weighted + Standing Behind Neck Press,bilateral_simultaneous,shoulders,barbell,side deltoids,front deltoids|rear deltoids|triceps longus|triceps lateralis|triceps medialis,compound,https://apilyfta.com/static/GymvisualPNG/07881101-Standing-Behind-Neck-Press_Shoulders_small.png
163,Dumbbell + Rear Lateral Raise,bilateral_simultaneous,shoulders,dumbbell,rear deltoids,side deltoids,isolation,https://apilyfta.com/static/GymvisualPNG/03801101-Dumbbell-Rear-Lateral-Raise_Shoulders_small.png
5609,Barbell + Seated High Front Raise,bilateral_simultaneous,shoulders,barbell,front deltoids,side deltoids,isolation,https://apilyfta.com/static/GymvisualPNG/44111101-Barbell-Seated-High-Front-Raise_Shoulders_small.png
1526,Barbell + Rear Delt Raise,bilateral_simultaneous,shoulders,barbell,rear deltoids,side deltoids,isolation,https://apilyfta.com/static/GymvisualPNG/00751101-Barbell-Rear-Delt-Raise_shoulder_small.png
140,Dumbbell + Incline Rear Lateral Raise,bilateral_simultaneous,shoulders,dumbbell,rear deltoids,side deltoids,isolation,https://apilyfta.com/static/GymvisualPNG/03261101-Dumbbell-Incline-Rear-Lateral-Raise_Shoulders_small.png
1806,Dumbbell + One Arm Lateral Raise,unilateral_alternating,shoulders,dumbbell,side deltoids,front deltoids|rear deltoids,isolation,https://apilyfta.com/static/GymvisualPNG/03551101-Dumbbell-One-Arm-Lateral-Raise_shoulder_small.png
1846,Dumbbell + Seated Lateral Raise,bilateral_simultaneous,shoulders,dumbbell,side deltoids,front deltoids|rear deltoids,isolation,https://apilyfta.com/static/GymvisualPNG/03951101-Dumbbell-Seated-Lateral-Raise-II_shoulder_small.png
1538,Barbell + Seated Bradford Rocky Press,bilateral_simultaneous,shoulders,barbell,front deltoids,side deltoids|rear deltoids|triceps longus|triceps lateralis|triceps medialis,compound,https://apilyfta.com/static/GymvisualPNG/00871101-Barbell-Seated-Bradford-Rocky-Press_Shoulders_small.png
2618,Weighted + Sumo Deadlift High Pull,bilateral_simultaneous,shoulders,barbell,trapeziuses,side deltoids|front deltoids|biceps brachii,compound,https://apilyfta.com/static/GymvisualPNG/11991101-Sumo-Deadlift-High-Pull_Thighs_Shoulders_small.png
254,Smith Machine + Smith Shoulder Press,bilateral_simultaneous,shoulders,smith machine,front deltoids,side deltoids|triceps longus|triceps lateralis|triceps medialis,compound,https://apilyfta.com/static/GymvisualPNG/07661101-Smith-Shoulder-Press_shoulder_small.png
1785,Dumbbell + Lateral Raise,bilateral_simultaneous,shoulders,dumbbell,side deltoids,front deltoids|rear deltoids,isolation,https://apilyfta.com/static/GymvisualPNG/03341101-Dumbbell-Lateral-Raise_shoulder-AFIX_small.png
1877,Dumbbell + Standing Overhead Press,bilateral_simultaneous,shoulders,dumbbell,front deltoids,side deltoids|triceps longus|triceps lateralis|triceps medialis,compound,https://apilyfta.com/static/GymvisualPNG/04261101-Dumbbell-Standing-Overhead-Press_shoulder_small.png
374,Barbell + Standing Wide Military Press,bilateral_simultaneous,shoulders,barbell,front deltoids,side deltoids|triceps longus|triceps lateralis|triceps medialis,compound,https://apilyfta.com/static/GymvisualPNG/14571101-Barbell-Standing-Wide-Military-Press_Shoulders_small.png
2593,Barbell + Standing Military Press,bilateral_simultaneous,shoulders,barbell,front deltoids,side deltoids|triceps longus|triceps lateralis|triceps medialis,compound,https://apilyfta.com/static/GymvisualPNG/11651101-Barbell-Standing-Military-Press-(without-rack)_Shoulders-FIX_small.png
161,Dumbbell + Rear Delt Row_Shoulder,unilateral_alternating,shoulders,dumbbell,rear deltoids,side deltoids|latissimus dorsis,isolation,https://apilyfta.com/static/GymvisualPNG/03771101-Dumbbell-Rear-Delt-Row_shoulder_small.png
118,Dumbbell + Bench Seated Press,bilateral_simultaneous,shoulders,dumbbell,front deltoids,side deltoids|triceps longus|triceps lateralis|triceps medialis|upper chests|middle chests|small chest muscles,compound,https://apilyfta.com/static/GymvisualPNG/02901101-Dumbbell-Bench-Seated-Press_Shoulders_small.png
5318,Dumbbell + Standing Arnold Press,bilateral_simultaneous,shoulders,dumbbell,front deltoids,side deltoids|triceps longus|triceps lateralis|triceps medialis,compound,https://apilyfta.com/static/GymvisualPNG/41081101-Dumbbell-Standing-Arnold-Press-(male)_Shoulders_small.png
169,Dumbbell + Seated Front Raise,bilateral_simultaneous,shoulders,dumbbell,front deltoids,side deltoids,isolation,https://apilyfta.com/static/GymvisualPNG/03921101-Dumbbell-Seated-Front-Raise_Shoulders_small.png
1761,Dumbbell + Front Raise,bilateral_simultaneous,shoulders,dumbbell,front deltoids,side deltoids,isolation,https://apilyfta.com/static/GymvisualPNG/03101101-Dumbbell-Front-Raise_Shoulders_small.png
4955,Barbell + Seated Front Raise,bilateral_simultaneous,shoulders,barbell,front deltoids,side deltoids,isolation,https://apilyfta.com/static/GymvisualPNG/37261101-Barbell-Seated-Front-Raise_Shoulders_small.png
240,Smith Machine + Smith Behind Neck Press,bilateral_simultaneous,shoulders,smith machine,side deltoids,front deltoids|rear deltoids|triceps longus|triceps lateralis|triceps medialis,compound,https://apilyfta.com/static/GymvisualPNG/07471101-Smith-Behind-Neck-Press_shoulder_small.png
139,Dumbbell + Incline Raise,bilateral_simultaneous,shoulders,dumbbell,front deltoids,side deltoids,isolation,https://apilyfta.com/static/GymvisualPNG/03251101-Dumbbell-Incline-Raise_Shoulders_small.png
4926,Dumbbell + Bent Over Alternate Rear Delt Fly,unilateral_alternating,shoulders,dumbbell,rear deltoids,side deltoids,isolation,https://apilyfta.com/static/GymvisualPNG/36961101-Dumbbell-Bent-Over-Alternate-Rear-Delt-Fly_Shoulders_small.png
180,Dumbbell + Standing Alternate Raise,unilateral_alternating,shoulders,dumbbell,front deltoids,side deltoids,isolation,https://apilyfta.com/static/GymvisualPNG/04151101-Dumbbell-Standing-Alternate-Raise_Shoulders_small.png
1551,Barbell + Skier,bilateral_simultaneous,shoulders,barbell,front deltoids,side deltoids|trapeziuses,compound,https://apilyfta.com/static/GymvisualPNG/01001101-Barbell-Skier_Shoulders_small.png
190,Dumbbell + Upright Row,bilateral_simultaneous,shoulders,dumbbell,trapeziuses,side deltoids|front deltoids,compound,https://apilyfta.com/static/GymvisualPNG/04371101-Dumbbell-Upright-Row_shoulder_small.png
116,Dumbbell + Arnold Press,bilateral_simultaneous,shoulders,dumbbell,front deltoids,side deltoids|triceps longus|triceps lateralis|triceps medialis,compound,https://apilyfta.com/static/GymvisualPNG/02871101-Dumbbell-Arnold-Press-II_Shoulders_small.png
3926,Barbell + Standing Front Raise Over Head,bilateral_simultaneous,shoulders,barbell,front deltoids,side deltoids,isolation,https://apilyfta.com/static/GymvisualPNG/26881101-Barbell-Standing-Front-Raise-Over-Head-(female)_Shoulders_small.png
5335,Dumbbell + Face Down Lying Shoulder Press,bilateral_simultaneous,shoulders,dumbbell,side deltoids,front deltoids|rear deltoids|triceps longus|triceps lateralis|triceps medialis,compound,https://apilyfta.com/static/GymvisualPNG/41251101-Dumbbell-Face-Down-Lying-Shoulder-Press-(male)_Shoulders_small.png
3531,Dumbbell + Rear Delt Raise,bilateral_simultaneous,shoulders,dumbbell,rear deltoids,side deltoids,isolation,https://apilyfta.com/static/GymvisualPNG/22921101-Dumbbell-Rear-Delt-Raise_Shoulders_small.png
3556,Dumbbell + Seated Bent Arm Lateral Raise,bilateral_simultaneous,shoulders,dumbbell,side deltoids,front deltoids|rear deltoids,isolation,https://apilyfta.com/static/GymvisualPNG/23171101-Dumbbell-Seated-Bent-Arm-Lateral-raise_Shoulders_small.png
3400,Dumbbell + Arnold Press,bilateral_simultaneous,shoulders,dumbbell,front deltoids,side deltoids|triceps longus|triceps lateralis|triceps medialis,compound,https://apilyfta.com/static/GymvisualPNG/21371101-Dumbbell-Arnold-Press_Shoulders_small.png
1827,Dumbbell + Raise,bilateral_simultaneous,shoulders,dumbbell,front deltoids,side deltoids,isolation,https://apilyfta.com/static/GymvisualPNG/03761101-Dumbbell-Raise_Shoulders_small.png
1537,Barbell + Seated Behind Head Military Press,bilateral_simultaneous,shoulders,barbell,side deltoids,front deltoids|rear deltoids|triceps longus|triceps lateralis|triceps medialis,compound,https://apilyfta.com/static/GymvisualPNG/00861101-Barbell-Seated-Behind-Head-Military-Press_Shoulders_small.png
2641,Dumbbell + Standing Alternate Vertical Front Raises,unilateral_alternating,shoulders,dumbbell,front deltoids,side deltoids,isolation,https://apilyfta.com/static/GymvisualPNG/12301101-Dumbbell-Standing-Alternate-Vertical-Front-Raises_Shoulders_small.png
5420,Dumbbell + 4 Ways Lateral Raise,bilateral_simultaneous,shoulders,dumbbell,side deltoids,front deltoids|rear deltoids,isolation,https://apilyfta.com/static/GymvisualPNG/42111101-Dumbbell-4-Ways-Lateral-Raise_Shoulders_small.png
27557,Barbell + Standing Shoulders Press,bilateral_simultaneous,shoulders,barbell,front deltoids,side deltoids|triceps longus|triceps lateralis|triceps medialis,compound,https://apilyfta.com/static/GymvisualPNG/53281101-Barbell-Standing-Shoulders-Press_Shoulders-FIX_small.png
373,Barbell + Standing Close Grip Military Press,bilateral_simultaneous,shoulders,barbell,front deltoids,side deltoids|triceps longus|triceps lateralis|triceps medialis,compound,https://apilyfta.com/static/GymvisualPNG/14561101-Barbell-Standing-Close-Grip-Military-Press_Shoulders_small.png
1556,Barbell + Standing Bradford Press,bilateral_simultaneous,shoulders,barbell,front deltoids,side deltoids|rear deltoids|triceps longus|triceps lateralis|triceps medialis,compound,https://apilyfta.com/static/GymvisualPNG/01051101-Barbell-Standing-Bradford-Press_Shoulders_small.png
162,Dumbbell + Rear Fly,bilateral_simultaneous,shoulders,dumbbell,rear deltoids,side deltoids,isolation,https://apilyfta.com/static/GymvisualPNG/03781101-Dumbbell-Rear-Fly_Shoulders_small.png
1527,Barbell + Rear Delt Row,bilateral_simultaneous,shoulders|back,barbell,rear deltoids|latissimus dorsis,side deltoids|trapeziuses,compound,https://apilyfta.com/static/GymvisualPNG/00761101-Barbell-Rear-Delt-Row_shoulder_small.png
1572,Barbell + Upright Row,bilateral_simultaneous,shoulders|back,barbell,trapeziuses,side deltoids|front deltoids|biceps brachii,compound,https://apilyfta.com/static/GymvisualPNG/01211101-Barbell-Upright-Row-(without-weight)_Shoulders_small.png
2619,Weighted + Push Press,bilateral_simultaneous,shoulders|biceps,barbell,front deltoids,side deltoids|triceps longus|triceps lateralis|triceps medialis,compound,https://apilyfta.com/static/GymvisualPNG/12001101-Push-Press_Shoulders_small.png
1856,Dumbbell + Seated Shoulder Press,bilateral_simultaneous,shoulders|chest,dumbbell,front deltoids,side deltoids|triceps longus|triceps lateralis|triceps medialis|upper chests|middle chests|small chest muscles,compound,https://apilyfta.com/static/GymvisualPNG/04051101-Dumbbell-Seated-Shoulder-Press_Shoulders_small.png
1479,Barbell + Clean And Press,bilateral_simultaneous,shoulders|quadriceps,barbell,front deltoids,side deltoids|triceps longus|triceps lateralis|triceps medialis|vastus laterali|vastus medialis|vastus intermedius|rectus femoris,compound,https://apilyfta.com/static/GymvisualPNG/00281101-Barbell-Clean-and-Press_Shoulders_small.png
4269,Barbell + Standing Close Grip Military Press,bilateral_simultaneous,shoulders|triceps,barbell,front deltoids,side deltoids|triceps longus|triceps lateralis|triceps medialis,compound,https://apilyfta.com/static/GymvisualPNG/30311101-Barbell-Standing-Close-Grip-Military-Press-(female)_Shoulders_small.png
425,Cable + High Pulley Overhead Tricep Extension,bilateral_simultaneous,triceps,cable,triceps longus|triceps lateralis|triceps medialis,,isolation,https://apilyfta.com/static/GymvisualPNG/17221101-Cable-High-Pulley-Overhead-Tricep-Extension_Upper-Arms_small.png
123,Dumbbell + Close-Grip Press,unilateral_simultaneous,triceps,dumbbell,triceps longus|triceps lateralis|triceps medialis,upper chests|middle chests|small chest muscles|front deltoids,isolation,https://apilyfta.com/static/GymvisualPNG/02961101-Dumbbell-Close-grip-Press_Upper-Arms_small.png
1881,Dumbbell + Standing Triceps Extension,unilateral_simultaneous,triceps,dumbbell,triceps longus|triceps lateralis|triceps medialis,,isolation,https://apilyfta.com/static/GymvisualPNG/04301101-Dumbbell-Standing-Triceps-Extension_Upper-Arms_small.png
1651,Cable + Pushdown,bilateral_simultaneous,triceps,cable,triceps longus|triceps lateralis|triceps medialis,,isolation,https://apilyfta.com/static/GymvisualPNG/02001101-Cable-Pushdown-(with-rope-attachment)_Upper-Arms_small.png
1734,Weighted + Diamond Push-Up,bilateral_simultaneous,triceps,body weight,triceps longus|triceps lateralis|triceps medialis,upper chests|middle chests|small chest muscles|front deltoids,compound,https://apilyfta.com/static/GymvisualPNG/02831101-Diamond-Push-up_Upper-Arms-FIX_small.png
1874,Dumbbell + Standing One Arm Extension,unilateral_alternating,triceps,dumbbell,triceps longus|triceps lateralis|triceps medialis,,isolation,https://apilyfta.com/static/GymvisualPNG/04231101-Dumbbell-Standing-One-Arm-Extension_Upper-Arms_small.png
4980,Weighted + Reverse Push-Up,bilateral_simultaneous,triceps,body weight,triceps longus|triceps lateralis|triceps medialis,upper chests|middle chests|small chest muscles|front deltoids,compound,https://apilyfta.com/static/GymvisualPNG/37511101-Reverse-Push-up_Upper-Arms_small.png
80,Cable + Lying Triceps Extension,bilateral_simultaneous,triceps,cable,triceps longus|triceps lateralis|triceps medialis,,isolation,https://apilyfta.com/static/GymvisualPNG/01871101-Cable-Lying-Triceps-Extension_Upper-Arms_small.png
1840,Dumbbell + Seated Bench Extension,unilateral_simultaneous,triceps,dumbbell,triceps longus|triceps lateralis|triceps medialis,,isolation,https://apilyfta.com/static/GymvisualPNG/03891101-Dumbbell-Seated-Bench-Extension_Upper-Arms-FIX_small.png
378,Weighted + Push-Up On Forearms,bilateral_simultaneous,triceps,body weight,triceps longus|triceps lateralis|triceps medialis,front deltoids|upper chests|middle chests|small chest muscles,compound,https://apilyfta.com/static/GymvisualPNG/14671101-Push-up-on-Forearms_Upper-Arms_small.png
435,Cable + Kneeling Triceps Extension,bilateral_simultaneous,triceps,cable,triceps longus|triceps lateralis|triceps medialis,,isolation,https://apilyfta.com/static/GymvisualPNG/18591101-Cable-Kneeling-Triceps-Extension-(VERSION-2)_Upper-Arms_small.png
398,Cable + One Arm Side Triceps Pushdown,bilateral_simultaneous,triceps,cable,triceps longus|triceps lateralis|triceps medialis,,isolation,https://apilyfta.com/static/GymvisualPNG/16091101-Cable-One-Arm-Side-Triceps-Pushdown_Upper-arms_small.png
3027,Dumbbell + Incline Two Arm Extension,unilateral_simultaneous,triceps,dumbbell,triceps longus|triceps lateralis|triceps medialis,,isolation,https://apilyfta.com/static/GymvisualPNG/17331101-Dumbbell-Incline-Two-Arm-Extension_Upper-Arms_small.png
3883,Dumbbell + Close Grip Press,bilateral_simultaneous,triceps,dumbbell,triceps longus|triceps lateralis|triceps medialis,upper chests|middle chests|small chest muscles|front deltoids,isolation,https://apilyfta.com/static/GymvisualPNG/26451101-Dumbbell-Close-Grip-Press-(female)_Upper-Arms_small.png
3827,Dumbbell + Lying Triceps Extension,bilateral_simultaneous,triceps,dumbbell,triceps longus|triceps lateralis|triceps medialis,,isolation,https://apilyfta.com/static/GymvisualPNG/25891101-Dumbbell-Lying-Triceps-Extension-(female)_Upper-Arms_small.png
263,Body Weight + Triceps Dips Floor,bodyweight_full,triceps,body weight,triceps longus|triceps lateralis|triceps medialis,upper chests|middle chests|small chest muscles|front deltoids,isolation,https://apilyfta.com/static/GymvisualPNG/08151101-Triceps-Dips-Floor_Upper-Arms_small.png
3934,Cable + Standing One Arm Triceps Extension,bilateral_simultaneous,triceps,cable,triceps longus|triceps lateralis|triceps medialis,,isolation,https://apilyfta.com/static/GymvisualPNG/26961101-Cable-Standing-One-Arm-Triceps-Extension-(female)_Upper-Arms_small.png
113,Weighted + Close-Grip Push-Up,bilateral_simultaneous,triceps,body weight,triceps longus|triceps lateralis|triceps medialis,upper chests|middle chests|small chest muscles|front deltoids,compound,https://apilyfta.com/static/GymvisualPNG/02591101-Close-Grip-Push-up_Upper-Arms_small.png
27322,Cable + High Triceps Extension,bilateral_simultaneous,triceps,cable,triceps longus|triceps lateralis|triceps medialis,,isolation,https://apilyfta.com/static/GymvisualPNG/49601101-Cable-High-Triceps-Extension_Upper-Arms_small.png
5013,Weighted + Cross Arms Push-Up,bilateral_simultaneous,triceps,body weight,triceps longus|triceps lateralis|triceps medialis,upper chests|middle chests|small chest muscles|front deltoids,compound,https://apilyfta.com/static/GymvisualPNG/37841101-Cross-Arms-Push-up_Upper-Arms_small.png
3034,Dumbbell + Tricep Kickback With Stork Stance,bilateral_simultaneous,triceps,dumbbell,triceps longus|triceps lateralis|triceps medialis,,isolation,https://apilyfta.com/static/GymvisualPNG/17421101-Dumbbell-Tricep-Kickback-With-Stork-Stance_Upper-Arms_small.png
3433,Dumbbell + Dumbbells Seated Triceps Extension,bilateral_simultaneous,triceps,dumbbell,triceps longus|triceps lateralis|triceps medialis,,isolation,https://apilyfta.com/static/GymvisualPNG/21891101-Dumbbells-Seated-Triceps-Extension_Upper-Arms_small.png
426,Cable + Rope Incline Tricep Extension,bilateral_simultaneous,triceps,cable,triceps longus|triceps lateralis|triceps medialis,,isolation,https://apilyfta.com/static/GymvisualPNG/17251101-Cable-Rope-Incline-Tricep-Extension_Upper-Arms_small.png
1645,Cable + Overhead Triceps Extension,bilateral_simultaneous,triceps,cable,triceps longus|triceps lateralis|triceps medialis,,isolation,https://apilyfta.com/static/GymvisualPNG/01941101-Cable-Overhead-Triceps-Extension-(rope-attachment)_Upper-Arms_small.png
1871,Dumbbell + Standing Kickback,bilateral_simultaneous,triceps,dumbbell,triceps longus|triceps lateralis|triceps medialis,,isolation,https://apilyfta.com/static/GymvisualPNG/04201101-Dumbbell-Standing-Kickback_Upper-Arms_small.png
395,Cable + Reverse Grip Triceps Pushdown,bilateral_simultaneous,triceps,cable,triceps longus|triceps lateralis|triceps medialis,brachialis|biceps brachii,isolation,https://apilyfta.com/static/GymvisualPNG/16061101-Cable-Reverse-Grip-Triceps-Pushdown-(SZ-bar)_Upper-arms_small.png
427,Cable + Two Arm Tricep Kickback,bilateral_simultaneous,triceps,cable,triceps longus|triceps lateralis|triceps medialis,,isolation,https://apilyfta.com/static/GymvisualPNG/17281101-Cable-Two-Arm-Tricep-Kickback_Upper-Arms_small.png
3825,Dumbbell + Lying One Arm Supinated Triceps Extension,unilateral_alternating,triceps,dumbbell,triceps longus|triceps lateralis|triceps medialis,,isolation,https://apilyfta.com/static/GymvisualPNG/25871101-Dumbbell-Lying-One-Arm-Supinated-Triceps-Extension-(female)_Upper-Arms_small.png
3489,Cable + Triceps Pushdown,bilateral_simultaneous,triceps,cable,triceps longus|triceps lateralis|triceps medialis,,isolation,https://apilyfta.com/static/GymvisualPNG/22491101-Cable-Triceps-Pushdown-(V-bar)-(female)_Upper-Arms_small.png
3022,Cable + Standing Reverse Grip One Arm Overhead Tricep Extension,bilateral_simultaneous,triceps,cable,triceps longus|triceps lateralis|triceps medialis,,isolation,https://apilyfta.com/static/GymvisualPNG/17271101-Cable-Standing-Reverse-Grip-One-Arm-Overhead-Tricep-Extension_Upper-Arms_small.png
1887,Dumbbell + Tate Press,bilateral_simultaneous,triceps,dumbbell,triceps longus|triceps lateralis|triceps medialis,,isolation,https://apilyfta.com/static/GymvisualPNG/04361101-Dumbbell-Tate-Press_Triceps_small.png
3030,Dumbbell + Seated Bent Over Triceps Extension,bilateral_simultaneous,triceps,dumbbell,triceps longus|triceps lateralis|triceps medialis,,isolation,https://apilyfta.com/static/GymvisualPNG/17371101-Dumbbell-Seated-Bent-Over-Triceps-Extension_Upper-Arms_small.png
72,Cable + Incline Triceps Extension,bilateral_simultaneous,triceps,cable,triceps longus|triceps lateralis|triceps medialis,,isolation,https://apilyfta.com/static/GymvisualPNG/01731101-Cable-Incline-Triceps-Extension_Upper-Arms_small.png
5227,Dumbbell + Incline Close-Grip Press Variation,unilateral_simultaneous,triceps,dumbbell,triceps longus|triceps lateralis|triceps medialis,upper chests|middle chests|small chest muscles,isolation,https://apilyfta.com/static/GymvisualPNG/40151101-Dumbbell-Incline-Close-grip-Press-Variation_Upper-Arms_small.png
5551,Cable + Lying Triceps Extension,bilateral_simultaneous,triceps,cable,triceps longus|triceps lateralis|triceps medialis,,isolation,https://apilyfta.com/static/GymvisualPNG/43531101-Cable-Lying-Triceps-Extension-(with-Rope)_small.png
4518,Body Weight + Elbow Dips,bodyweight_full,triceps,body weight,triceps longus|triceps lateralis|triceps medialis,upper chests|middle chests|small chest muscles,isolation,https://apilyfta.com/static/GymvisualPNG/32871101-Elbow-dips_Upper-arms_small.png
269,Cable + Kickback,bilateral_simultaneous,triceps,cable,triceps longus|triceps lateralis|triceps medialis,,isolation,https://apilyfta.com/static/GymvisualPNG/08601101-Cable-kickback_Upper-arms-FIX_small.png
429,Dumbbell + Standing Bent Over Two Arm Triceps Extension,bilateral_simultaneous,triceps,dumbbell,triceps longus|triceps lateralis|triceps medialis,,isolation,https://apilyfta.com/static/GymvisualPNG/17411101-Dumbbell-Standing-Bent-Over-Two-Arm-Triceps-Extension_Upper-Arms_small.png
5325,Cable + Overhead Tricep Extension Straight-Bar,bilateral_simultaneous,triceps,cable,triceps longus|triceps lateralis|triceps medialis,,isolation,https://apilyfta.com/static/GymvisualPNG/41151101-Cable-Overhead-Tricep-Extension-Straight-Bar-(male)_Upper-Arms_small.png
107,Cable + Triceps Pushdown,bilateral_simultaneous,triceps,cable,triceps longus|triceps lateralis|triceps medialis,,isolation,https://apilyfta.com/static/GymvisualPNG/02411101-Cable-Triceps-Pushdown-(V-bar-attachment)_Upper-Arms_small.png
3033,Dumbbell + Standing Bent Over One Arm Triceps Extension,unilateral_alternating,triceps,dumbbell,triceps longus|triceps lateralis|triceps medialis,,isolation,https://apilyfta.com/static/GymvisualPNG/17401101-Dumbbell-Standing-Bent-Over-One-Arm-Triceps-Extension_Upper-Arms_small.png
3032,Dumbbell + Standing Alternating Tricep Kickback,unilateral_alternating,triceps,dumbbell,triceps longus|triceps lateralis|triceps medialis,,isolation,https://apilyfta.com/static/GymvisualPNG/17391101-Dumbbell-Standing-Alternating-Tricep-Kickback_Upper-Arms_small.png
27810,Cable + Seated High Pulley Overhead Triceps Extension,bilateral_simultaneous,triceps,cable,triceps longus|triceps lateralis|triceps medialis,,isolation,https://apilyfta.com/static/GymvisualPNG/59161101-Cable-Seated-High-Pulley-Overhead-Tricep-Extension_Upper-Arms_small.png
56,Body Weight + Bench Dip,bilateral_simultaneous,triceps,body weight,triceps longus|triceps lateralis|triceps medialis,upper chests|middle chests|small chest muscles,isolation,https://apilyfta.com/static/GymvisualPNG/01291101-Bench-Dip-(knees-bent)_Upper-Arms_small.png
4278,Cable + Bar High Pulley Overhead Tricep Extension,bilateral_simultaneous,triceps,cable,triceps longus|triceps lateralis|triceps medialis,,isolation,https://apilyfta.com/static/GymvisualPNG/30401101-Cable-Bar-High-Pulley-Overhead-Tricep-Extension-(female)_Upper-Arms_small.png
1795,Dumbbell + Lying One Arm Pronated Triceps Extension,unilateral_alternating,triceps,dumbbell,triceps longus|triceps lateralis|triceps medialis,,isolation,https://apilyfta.com/static/GymvisualPNG/03441101-Dumbbell-Lying-One-Arm-Pronated-Triceps-Extension_Upper-Arms_small.png
27954,Dumbbell + Seated Single Arm Overhead Triceps Extension,unilateral_alternating,triceps,dumbbell,triceps longus|triceps lateralis|triceps medialis,,isolation,https://apilyfta.com/static/GymvisualPNG/61581101-Dumbbell-Seated-Single-Arm-Overhead-Triceps-Extension_Upper-Arms_small.png
2128,Body Weight + Ring Dips,bodyweight_full,triceps,body weight,triceps longus|triceps lateralis|triceps medialis,upper chests|middle chests|small chest muscles|front deltoids,compound,https://apilyfta.com/static/GymvisualPNG/06771101-Ring-Dip_Upper-Arms-FIX_small.png
3019,Cable + One Arm Tricep Pushdown,bilateral_simultaneous,triceps,cable,triceps longus|triceps lateralis|triceps medialis,,isolation,https://apilyfta.com/static/GymvisualPNG/17231101-Cable-One-Arm-Tricep-Pushdown_Upper-Arms_small.png
2639,Cable + Standing One Arm Tricep Pushdown,bilateral_simultaneous,triceps,cable,triceps longus|triceps lateralis|triceps medialis,,isolation,https://apilyfta.com/static/GymvisualPNG/12271101-Cable-Standing-One-Arm-Tricep-Pushdown-(Overhand-Grip)_Upper-Arms_small.png
1781,Dumbbell + Incline Triceps Extension,bilateral_simultaneous,triceps,dumbbell,triceps longus|triceps lateralis|triceps medialis,,isolation,https://apilyfta.com/static/GymvisualPNG/03301101-Dumbbell-Incline-Triceps-Extension_Upper-Arms-FIX_small.png
428,Dumbbell + Lying Single Extension,unilateral_simultaneous,triceps,dumbbell,triceps longus|triceps lateralis|triceps medialis,,isolation,https://apilyfta.com/static/GymvisualPNG/17351101-Dumbbell-Lying-Single-Extension_Upper-Arms_small.png
1655,Cable + Rear Drive,bilateral_simultaneous,triceps,cable,triceps longus|triceps lateralis|triceps medialis,,isolation,https://apilyfta.com/static/GymvisualPNG/02041101-Cable-Rear-Drive_Upper-Arms_small.png
4308,Cable + Two Arm Tricep Kickback,bilateral_simultaneous,triceps,cable,triceps longus|triceps lateralis|triceps medialis,,isolation,https://apilyfta.com/static/GymvisualPNG/30701101-Cable-Two-Arm-Tricep-Kickback-(female)_Upper-Arms_small.png
4617,Body Weight + Dips Between Chairs,bodyweight_full,triceps|chest,body weight,triceps longus|triceps lateralis|triceps medialis,upper chests|middle chests|small chest muscles|front deltoids,compound,https://apilyfta.com/static/GymvisualPNG/33871101-Dips-between-Chairs_Chest_small.png
2762,Body Weight + Bench Dip On Floor,bilateral_simultaneous,triceps|chest,body weight,triceps longus|triceps lateralis|triceps medialis,upper chests|middle chests|small chest muscles|front deltoids,compound,https://apilyfta.com/static/GymvisualPNG/13991101-Bench-dip-on-floor_Upper-Arms_small.png
4673,Body Weight + Dip On Floor With Chair,bilateral_simultaneous,triceps|chest,body weight,triceps longus|triceps lateralis|triceps medialis,upper chests|middle chests|small chest muscles|front deltoids,compound,https://apilyfta.com/static/GymvisualPNG/34431101-Dip-on-Floor-with-Chair_Chest_small.png
262,Body Weight + Triceps Dip,bodyweight_full,triceps|chest,body weight,triceps longus|triceps lateralis|triceps medialis,upper chests|middle chests|small chest muscles|front deltoids,compound,https://apilyfta.com/static/GymvisualPNG/08141101-Triceps-Dip_Upper-Arms_small.png
